adm_cd,adm_nm,gu_cd,risk_index,risk_grade,risk_class,hist_score,struct_score,pct_fire_rate_per_10k,pct_ratio_65plus,pct_cntr_dist_avg,pct_old_bldg_ratio,pct_damage_per_fire,fire_rate_per_10k,ratio_65plus,cntr_dist_avg,old_bldg_ratio,damage_per_fire,avg_living_pop,fire_count
1132052100,서울특별시 도봉구 도봉1동,11320,100.0,매우높음,최우선 대응,99.06103286384976,95.95,99.06103286384976,100.0,74.88262910798123,81.10328638497653,66.66666666666666,25.262,0.2753,2.0277372262773725,0.65,7.837473191936278,18209.179920796945,46.0
1141068500,서울특별시 서대문구 홍은2동,11410,96.69,매우높음,최우선 대응,96.24413145539906,95.03,96.24413145539906,77.34741784037558,92.48826291079813,84.38967136150235,71.12676056338029,22.4594,0.1804,2.527272727272728,0.6647,7.930695568759784,23004.485255758733,51.66666666666666
1135066500,서울특별시 노원구 상계3·4동,11350,92.46,매우높음,최우선 대응,78.87323943661971,100.0,78.87323943661971,99.06103286384976,86.85446009389672,74.88262910798123,69.71830985915493,16.1338,0.2389,2.3316326530612246,0.646,7.896762633636895,20247.313470278383,32.666666666666664
1132070000,서울특별시 도봉구 방학2동,11320,90.56,매우높음,최우선 대응,99.53051643192488,80.51,99.53051643192488,99.29577464788733,50.46948356807511,81.10328638497653,43.1924882629108,31.8339,0.249,1.6220183486238533,0.65,7.491220920613556,11518.123357505458,36.66666666666666
1154570000,서울특별시 금천구 시흥4동,11545,89.05,매우높음,최우선 대응,86.3849765258216,88.92,86.3849765258216,91.31455399061032,71.47887323943662,78.28638497652582,63.84976525821596,17.6338,0.2019,1.975,0.6476,7.797102135916673,11341.830258360627,20.0
1132066000,서울특별시 도봉구 쌍문1동,11320,87.5,매우높음,최우선 대응,90.84507042253522,84.6,90.84507042253522,92.72300469483568,71.83098591549296,81.10328638497653,20.89201877934272,19.8562,0.2054,1.976842105263158,0.65,7.09726774756458,16787.34311258188,33.333333333333336
1123054500,서울특별시 동대문구 제기동,11230,86.07,매우높음,최우선 대응,87.32394366197182,80.32,87.32394366197182,95.53990610328638,34.037558685446015,87.67605633802818,99.29577464788733,17.8337,0.2119,1.41812865497076,0.6955,10.061160918372103,32148.90374610625,57.333333333333336
1154569000,서울특별시 금천구 시흥3동,11545,86.02,매우높음,최우선 대응,83.33333333333334,87.32,83.33333333333334,67.25352112676056,82.86384976525821,78.28638497652582,96.71361502347418,16.9639,0.1722,2.23921568627451,0.6476,9.335250214878583,10021.295290947965,17.0
1153076000,서울특별시 구로구 개봉3동,11530,85.52,매우높음,최우선 대응,75.5868544600939,92.14,75.5868544600939,89.90610328638498,93.42723004694837,50.82159624413145,70.18779342723005,15.5147,0.1997,2.589189189189189,0.5993,7.912694142869412,15898.875291402836,24.666666666666668
1132051300,서울특별시 도봉구 창3동,11320,84.18,매우높음,최우선 대응,90.61032863849765,79.23,90.61032863849765,92.95774647887323,61.737089201877936,81.10328638497653,16.666666666666664,19.5158,0.2055,1.778333333333333,0.65,7.000391432216564,10418.915853684495,20.33333333333333
1147061000,서울특별시 양천구 신월6동,11470,83.83,매우높음,최우선 대응,96.94835680751174,73.08,96.94835680751174,69.48356807511738,68.30985915492957,58.56807511737089,76.52582159624414,22.7692,0.174,1.929032258064516,0.6145,8.04431484589497,4538.290980913392,10.333333333333334
1120079000,서울특별시 성동구 용답동,11200,81.87,매우높음,최우선 대응,91.31455399061032,78.99,91.31455399061032,39.201877934272304,96.94835680751174,95.07042253521126,51.87793427230047,19.95,0.1496,2.9135593220338984,0.75,7.63982513082821,19715.98499276747,39.333333333333336
1154571000,서울특별시 금천구 시흥5동,11545,81.45,매우높음,최우선 대응,89.2018779342723,73.67,89.2018779342723,94.13145539906104,40.845070422535215,78.28638497652582,51.173708920187785,18.8974,0.2084,1.5030303030303032,0.6476,7.630637129250357,11641.797945360262,22.0
1111056000,서울특별시 종로구 평창동,11110,80.93,매우높음,최우선 대응,92.25352112676056,69.84,92.25352112676056,93.1924882629108,69.71830985915493,2.112676056338028,78.16901408450704,20.2602,0.2062,1.9490740740740744,0.3906,8.089312652755202,17933.322739377254,36.333333333333336
1120054000,서울특별시 성동구 마장동,11200,79.42,높음,최우선 대응,93.1924882629108,68.48,93.1924882629108,57.51173708920187,44.36619718309859,95.07042253521126,96.0093896713615,20.4567,0.165,1.545801526717557,0.75,9.19474703734351,21345.928078247816,43.66666666666666
1147056000,서울특별시 양천구 신월1동,11470,78.89,높음,최우선 대응,85.44600938967136,72.98,85.44600938967136,93.89671361502347,52.347417840375584,58.56807511737089,46.244131455399064,17.5548,0.2068,1.6513157894736843,0.6145,7.5424229119512205,14810.767849972708,26.0
1141052000,서울특별시 서대문구 천연동,11410,78.81,높음,최우선 대응,78.40375586854461,81.21,78.40375586854461,71.36150234741784,77.23004694835682,84.38967136150235,45.774647887323944,16.0221,0.1756,2.0896103896103897,0.6647,7.529545685125786,16227.594305467614,26.0
1132052200,서울특별시 도봉구 도봉2동,11320,78.29,높음,최우선 대응,72.53521126760563,83.31,72.53521126760563,98.82629107981221,62.676056338028175,81.10328638497653,22.300469483568076,15.105,0.23,1.7988372093023255,0.65,7.124206825777228,18978.20082731077,28.666666666666668
1130564500,서울특별시 강북구 우이동,11305,78.09,높음,최우선 대응,61.267605633802816,92.89,61.267605633802816,98.12206572769952,75.82159624413146,98.59154929577466,12.910798122065728,13.4419,0.2222,2.0723684210526314,0.7607,6.900373671448977,18846.512726200875,25.33333333333333
1162074500,서울특별시 관악구 삼성동,11620,76.86,높음,잠재 위험,48.59154929577465,98.76,48.59154929577465,98.35680751173709,99.76525821596243,46.478873239436616,74.88262910798123,12.3338,0.2226,3.510958904109589,0.5979,8.006950730910827,19728.925018040394,24.33333333333333
1138052000,서울특별시 은평구 불광1동,11380,76.44,높음,최우선 대응,60.798122065727696,88.78,60.798122065727696,96.94835680751174,87.55868544600939,42.136150234741784,59.154929577464785,13.4054,0.2164,2.370175438596492,0.5835,7.742149734533433,28346.81518919214,38.0
1138060000,서울특별시 은평구 응암3동,11380,76.19,높음,최우선 대응,69.01408450704226,83.44,69.01408450704226,86.15023474178403,91.31455399061032,42.136150234741784,45.305164319248824,14.4059,0.1933,2.4778846153846152,0.5835,7.5276015011147095,24526.93995143741,35.333333333333336
1147061100,서울특별시 양천구 신월7동,11470,76.11,높음,최우선 대응,85.91549295774648,69.53,85.91549295774648,88.96713615023474,56.33802816901409,58.56807511737089,24.647887323943664,17.5739,0.199,1.7139240506329114,0.6145,7.168748998678314,14984.316421697597,26.33333333333333
1141066000,서울특별시 서대문구 홍은1동,11410,76.03,높음,최우선 대응,95.77464788732394,60.18,95.77464788732394,91.54929577464789,18.779342723004692,84.38967136150235,27.93427230046948,21.7058,0.2022,1.2623529411764705,0.6647,7.226632574400534,15356.879070223798,33.333333333333336
1154563000,서울특별시 금천구 독산3동,11545,75.04,높음,최우선 대응,94.36619718309859,62.23,94.36619718309859,59.38967136150235,51.40845070422535,78.28638497652582,53.286384976525824,20.8767,0.1662,1.6432,0.6476,7.659359292224114,19958.48331496543,41.66666666666666
1132069000,서울특별시 도봉구 방학1동,11320,74.76,높음,이력 관리,95.30516431924883,57.74,95.30516431924883,90.84507042253522,12.44131455399061,81.10328638497653,41.54929577464789,21.4719,0.201,1.1851851851851851,0.65,7.456628227901722,23286.223624099348,50.0
1141064000,서울특별시 서대문구 홍제3동,11410,74.63,높음,최우선 대응,76.99530516431925,70.41,76.99530516431925,97.1830985915493,20.89201877934272,84.38967136150235,74.64788732394366,15.8959,0.218,1.2818181818181815,0.6647,8.001975715347823,15098.187601746726,24.0
1147058000,서울특별시 양천구 신월3동,11470,73.06,높음,최우선 대응,92.01877934272301,61.29,92.01877934272301,75.5868544600939,55.86854460093896,58.56807511737089,13.615023474178404,20.2358,0.1795,1.709090909090909,0.6145,6.919124142785849,13177.970783378822,26.666666666666668
1153055000,서울특별시 구로구 구로4동,11530,73.03,높음,이력 관리,94.60093896713614,55.34,94.60093896713614,81.8075117370892,26.056338028169012,50.82159624413145,68.7793427230047,21.0995,0.1864,1.3379310344827586,0.5993,7.876820224947474,18325.849555049128,38.66666666666666
1156058500,서울특별시 영등포구 도림동,11560,72.45,높음,최우선 대응,80.75117370892019,67.55,80.75117370892019,61.03286384976526,78.63849765258216,26.643192488262912,93.89671361502347,16.4912,0.1675,2.1194444444444445,0.554,8.842207656804826,14553.181141848618,24.0
1147057000,서울특별시 양천구 신월2동,11470,72.38,높음,최우선 대응,78.63849765258216,68.41,78.63849765258216,73.47417840375586,55.633802816901415,58.56807511737089,73.23943661971832,16.0292,0.177,1.707936507936508,0.6145,7.972342488015914,13309.033811672123,21.33333333333333
1141069000,서울특별시 서대문구 남가좌1동,11410,71.97,높음,최우선 대응,93.89671361502347,61.7,93.89671361502347,32.74647887323944,80.04694835680752,84.38967136150235,30.28169014084507,20.6688,0.1412,2.1481481481481484,0.6647,7.254562397435969,8708.78155525837,18.0
1168073000,서울특별시 강남구 일원1동,11680,71.56,높음,잠재 위험,59.624413145539904,81.9,59.624413145539904,86.50234741784037,90.61032863849765,21.948356807511736,75.82159624413146,13.3125,0.1938,2.438709677419354,0.5206,8.012441392267776,15524.29730672307,20.666666666666668
1111067000,서울특별시 종로구 창신1동,11110,71.21,높음,이력 관리,99.76525821596243,48.21,99.76525821596243,87.79342723004694,35.68075117370892,2.112676056338028,60.093896713615024,34.1009,0.1965,1.4505882352941175,0.3906,7.748415901818794,8308.679958988356,28.33333333333333
1154567000,서울특별시 금천구 시흥1동,11545,70.8,높음,이력 관리,90.14084507042254,56.17,90.14084507042254,60.68075117370893,26.76056338028169,78.28638497652582,91.31455399061032,19.3953,0.1671,1.352258064516129,0.6476,8.583285763537154,27669.93434606987,53.66666666666666
1126052000,서울특별시 중랑구 면목2동,11260,70.64,높음,최우선 대응,70.4225352112676,73.48,70.4225352112676,76.87793427230048,72.53521126760563,54.5774647887324,46.71361502347418,14.7461,0.1803,1.9868131868131869,0.5997,7.5494411779211665,20570.34478422489,30.33333333333333
1132067000,서울특별시 도봉구 쌍문2동,11320,70.53,높음,최우선 대응,69.71830985915493,72.48,69.71830985915493,90.14084507042254,45.07042253521127,81.10328638497653,36.15023474178404,14.5572,0.1999,1.5493333333333337,0.65,7.370440527420192,17173.629270796944,25.0
1111063000,서울특별시 종로구 종로5·6가동,11110,70.27,높음,이력 관리,96.47887323943662,49.45,96.47887323943662,74.88262910798123,43.42723004694836,2.112676056338028,87.08920187793427,22.5122,0.178,1.5339285714285715,0.3906,8.389438186741549,16731.66463918304,37.66666666666666
1126056500,서울특별시 중랑구 면목본동,11260,70.24,높음,최우선 대응,81.2206572769953,64.98,81.2206572769953,72.76995305164318,63.6150234741784,54.5774647887324,30.985915492957744,16.6082,0.1762,1.82089552238806,0.5997,7.2601018910906765,26894.28781298217,44.66666666666666
1138063200,서울특별시 은평구 신사2동,11380,70.1,높음,최우선 대응,63.84976525821596,78.0,63.84976525821596,82.98122065727699,85.2112676056338,42.136150234741784,38.497652582159624,13.7117,0.1875,2.2962962962962963,0.5835,7.404642102198062,13127.520922216156,18.0
1126066000,서울특별시 중랑구 망우3동,11260,70.07,높음,이력 관리,93.66197183098592,51.87,93.66197183098592,94.83568075117371,16.666666666666664,54.5774647887324,23.474178403755868,20.6208,0.2104,1.2347222222222225,0.5997,7.14118261258332,11800.39107544301,24.33333333333333
1141062000,서울특별시 서대문구 홍제1동,11410,69.96,높음,잠재 위험,33.568075117370896,99.14,33.568075117370896,90.3755868544601,82.62910798122066,84.38967136150235,89.67136150234741,10.6982,0.2,2.235064935064935,0.6647,8.47839778780603,23991.49598943777,25.666666666666668
1147059000,서울특별시 양천구 신월4동,11470,69.55,높음,최우선 대응,77.69953051643192,65.09,77.69953051643192,70.18779342723005,54.22535211267606,58.56807511737089,65.72769953051643,15.9744,0.1748,1.6781818181818182,0.6145,7.826518813028313,11476.665743440684,18.33333333333333
1162066500,서울특별시 관악구 서림동,11620,69.06,높음,최우선 대응,83.56807511737088,63.29,83.56807511737088,29.107981220657276,92.72300469483568,46.478873239436616,85.91549295774648,16.9694,0.1377,2.5318181818181817,0.5979,8.326022042788523,17286.036222825693,29.33333333333333
1126057500,서울특별시 중랑구 면목3·8동,11260,68.77,높음,최우선 대응,82.62910798122066,61.91,82.62910798122066,78.40375586854461,58.68544600938967,54.5774647887324,6.338028169014084,16.782,0.1823,1.7431372549019608,0.5997,6.646019388474941,20259.765043986536,34.0
1162057500,서울특별시 관악구 행운동,11620,68.55,높음,최우선 대응,84.27230046948357,62.62,84.27230046948357,34.037558685446015,93.66197183098592,46.478873239436616,60.56338028169014,17.1665,0.142,2.595833333333333,0.5979,7.753815439937397,23301.193497298034,40.0
1129065000,서울특별시 성북구 정릉4동,11290,68.55,높음,잠재 위험,42.48826291079813,89.82,42.48826291079813,91.07981220657277,75.5868544600939,66.78403755868545,79.81220657276995,11.8692,0.2013,2.067692307692308,0.6333,8.131885319003539,18254.475577438137,21.666666666666668
1138064000,서울특별시 은평구 증산동,11380,68.53,높음,최우선 대응,64.55399061032864,74.41,64.55399061032864,76.05633802816901,79.10798122065728,42.136150234741784,58.21596244131455,13.7732,0.1801,2.13,0.5835,7.724320383007107,14520.903209097523,20.0
1129064000,서울특별시 성북구 정릉3동,11290,68.14,높음,최우선 대응,76.05633802816901,67.4,76.05633802816901,31.690140845070424,86.61971830985915,66.78403755868545,87.32394366197182,15.5181,0.1399,2.324324324324324,0.6333,8.400811122000157,15895.445164419578,24.666666666666668
1171055000,서울특별시 송파구 마천2동,11710,67.81,높음,이력 관리,91.78403755868545,47.64,91.78403755868545,95.07042253521126,17.370892018779344,16.19718309859155,66.43192488262912,20.176,0.2112,1.2449438202247192,0.4684,7.8362452101611115,14703.954537236172,29.666666666666668
1111068000,서울특별시 종로구 창신2동,11110,67.65,높음,이력 관리,82.15962441314554,58.96,82.15962441314554,93.42723004694837,65.96244131455398,2.112676056338028,11.971830985915492,16.6762,0.2064,1.8695652173913044,0.3906,6.85751406254539,9194.736002965794,15.333333333333334
1141058500,서울특별시 서대문구 신촌동,11410,67.41,높음,이력 관리,92.48826291079813,56.73,92.48826291079813,2.112676056338028,90.3755868544601,84.38967136150235,65.49295774647888,20.2777,0.0812,2.433529411764706,0.6647,7.826512936337394,55890.64782097889,113.33333333333331
1111057000,서울특별시 종로구 무악동,11110,67.27,높음,잠재 위험,56.57276995305164,77.96,56.57276995305164,88.26291079812206,96.47887323943662,2.112676056338028,60.328638497652584,13.0353,0.1973,2.873076923076923,0.3906,7.753623546559746,6648.619520151019,8.666666666666666
1130553500,서울특별시 강북구 미아동,11305,67.19,높음,최우선 대응,72.06572769953051,65.83,72.06572769953051,92.25352112676056,27.699530516431924,98.59154929577466,6.572769953051644,14.9871,0.2034,1.3544554455445543,0.7607,6.6720570560805905,22686.1015860353,34.0
1150064000,서울특별시 강서구 방화2동,11500,67.05,높음,최우선 대응,76.52582159624414,62.0,76.52582159624414,69.24882629107981,73.47417840375586,10.68075117370892,75.11737089201877,15.7566,0.1737,2.007317073170732,0.4572,8.00840425189005,26655.536378811863,42.0
1147060000,서울특별시 양천구 신월5동,11470,66.52,높음,최우선 대응,74.17840375586854,66.14,74.17840375586854,61.97183098591549,76.52582159624414,58.56807511737089,23.943661971830984,15.259,0.1681,2.0877551020408163,0.6145,7.147173228126011,10922.500595351165,16.666666666666668
1126057000,서울특별시 중랑구 면목7동,11260,66.32,높음,최우선 대응,66.90140845070422,66.88,66.90140845070422,90.61032863849765,43.1924882629108,54.5774647887324,53.755868544600936,13.999,0.2009,1.5266666666666666,0.5997,7.66039114230633,18334.636637918484,25.666666666666668
1130555500,서울특별시 강북구 송천동,11305,65.91,높음,최우선 대응,74.64788732394366,60.51,74.64788732394366,95.77464788732394,10.7981220657277,98.59154929577466,15.023474178403756,15.2659,0.2129,1.1584745762711863,0.7607,6.952445621786096,26638.844303411573,40.66666666666666
1130566000,서울특별시 강북구 인수동,11305,65.6,높음,최우선 대응,65.49295774647888,66.75,65.49295774647888,97.65258215962442,17.84037558685446,98.59154929577466,28.87323943661972,13.8244,0.2204,1.2490740740740742,0.7607,7.235643771911959,27487.59176390102,38.0
1141065500,서울특별시 서대문구 홍제2동,11410,65.42,높음,잠재 위험,26.525821596244132,98.44,26.525821596244132,83.80281690140845,89.90610328638498,84.38967136150235,82.15962441314554,10.0087,0.1886,2.43,0.6647,8.184226318972497,9991.29853919214,10.0
1132071000,서울특별시 도봉구 방학3동,11320,65.36,높음,잠재 위험,27.464788732394368,95.2,27.464788732394368,97.88732394366197,67.6056338028169,81.10328638497653,94.13145539906104,10.0814,0.2209,1.9,0.65,8.845611436523864,20830.431556268195,21.0
1153077000,서울특별시 구로구 오류1동,11530,65.17,높음,최우선 대응,69.95305164319248,64.79,69.95305164319248,59.037558685446015,65.49295774647888,50.82159624413145,78.63849765258216,14.5576,0.1661,1.8366197183098592,0.5993,8.091768038216957,16257.277668868268,23.666666666666668
1150060400,서울특별시 강서구 가양2동,11500,65.05,높음,잠재 위험,43.1924882629108,83.3,43.1924882629108,99.76525821596243,87.79342723004694,10.68075117370892,71.83098591549296,11.8981,0.2586,2.375925925925926,0.4572,7.952108970043996,15128.464224390464,18.0
1111069000,서울특별시 종로구 창신3동,11110,64.64,높음,이력 관리,89.43661971830986,50.41,89.43661971830986,64.67136150234741,73.94366197183099,2.112676056338028,23.004694835680752,19.107,0.1704,2.0142857142857142,0.3906,7.130847216061129,4884.762183615357,9.333333333333334
1159063000,서울특별시 동작구 사당2동,11590,64.64,높음,잠재 위험,52.347417840375584,79.34,52.347417840375584,76.52582159624414,99.53051643192488,34.97652582159624,34.97652582159624,12.4053,0.1802,3.481512605042017,0.5743,7.361953302678572,31975.63239058406,39.66666666666666
1120065000,서울특별시 성동구 성수1가1동,11200,64.21,높음,이력 관리,86.15023474178403,56.65,86.15023474178403,12.676056338028168,81.45539906103286,95.07042253521126,37.79342723004695,17.622,0.1143,2.198989898989899,0.75,7.394113411874785,18726.54938922853,33.0
1135062400,서울특별시 노원구 중계4동,11350,63.99,높음,이력 관리,79.10798122065728,53.92,79.10798122065728,95.30516431924883,11.971830985915492,74.88262910798123,12.44131455399061,16.1379,0.2115,1.1782051282051282,0.646,6.870737016701129,16317.68907308952,26.33333333333333
1126061000,서울특별시 중랑구 중화2동,11260,63.81,높음,이력 관리,87.55868544600939,46.86,87.55868544600939,92.01877934272301,11.032863849765258,54.5774647887324,16.901408450704224,17.8835,0.2028,1.1595419847328243,0.5997,7.001181028010815,25722.05750623181,46.0
1154562000,서울특별시 금천구 독산2동,11545,63.74,높음,이력 관리,90.3755868544601,45.25,90.3755868544601,74.64788732394366,7.042253521126761,78.28638497652582,32.629107981220656,19.4664,0.1779,1.09125,0.6476,7.287731624323135,13870.039688064046,27.0
1129081000,서울특별시 성북구 석관동,11290,63.71,높음,최우선 대응,63.6150234741784,66.15,63.6150234741784,88.02816901408451,41.78403755868544,66.78403755868545,38.028169014084504,13.7056,0.1972,1.5171171171171172,0.6333,7.395182978003423,26996.27309366812,37.0
1117058000,서울특별시 용산구 효창동,11170,63.65,높음,최우선 대응,67.37089201877934,69.35,67.37089201877934,48.59154929577465,84.38967136150235,91.19718309859155,1.1737089201877933,14.1105,0.1596,2.269230769230769,0.7379,6.224696573083284,9449.209983578969,13.333333333333334
1165055000,서울특별시 서초구 반포본동,11650,63.57,높음,이력 관리,95.07042253521126,44.01,95.07042253521126,37.67605633802817,69.95305164319248,6.220657276995305,76.99530516431925,21.4562,0.1475,1.95,0.4541,8.076882512518818,4660.658328156841,10.0
1150057000,서울특별시 강서구 화곡4동,11500,63.46,높음,최우선 대응,63.38028169014085,69.45,63.38028169014085,80.04694835680752,97.88732394366197,10.68075117370892,5.633802816901409,13.6562,0.1837,3.020833333333333,0.4572,6.593738357318402,17574.439415120087,24.0
1117055500,서울특별시 용산구 청파동,11170,63.23,높음,이력 관리,82.3943661971831,58.04,82.3943661971831,19.718309859154928,83.09859154929578,91.19718309859155,25.11737089201878,16.7248,0.1268,2.245132743362832,0.7379,7.1761095251949785,22521.44583766376,37.66666666666666
1132051200,서울특별시 도봉구 창2동,11320,63.21,높음,잠재 위험,47.417840375586856,77.87,47.417840375586856,82.27699530516432,54.929577464788736,81.10328638497653,68.07511737089203,12.2756,0.187,1.6849056603773584,0.65,7.8685386182251955,28783.500465602257,35.333333333333336
1123070500,서울특별시 동대문구 청량리동,11230,63.14,높음,잠재 위험,51.64319248826291,70.59,51.64319248826291,99.53051643192488,11.737089201877934,87.67605633802818,93.1924882629108,12.3762,0.2495,1.1768115942028985,0.6955,8.815720783479097,19930.690733151383,24.666666666666668
1114060500,서울특별시 중구 을지로동,11140,62.96,높음,이력 관리,98.35680751173709,39.32,98.35680751173709,30.868544600938968,42.48826291079813,38.497652582159624,98.59154929577466,24.2346,0.1393,1.525,0.5778,9.690538520382798,17605.66403422489,42.66666666666666
1132068000,서울특별시 도봉구 쌍문3동,11320,62.93,높음,이력 관리,77.46478873239437,54.8,77.46478873239437,88.73239436619718,19.953051643192488,81.10328638497653,1.4084507042253522,15.9476,0.1976,1.277027027027027,0.65,6.274808519893487,16303.375669022926,26.0
1117052000,서울특별시 용산구 용산2가동,11170,62.63,높음,이력 관리,83.09859154929578,52.34,83.09859154929578,39.671361502347416,42.95774647887324,91.19718309859155,54.694835680751176,16.9218,0.1503,1.5262295081967212,0.7379,7.675843232142655,12016.042008906476,20.33333333333333
1132051500,서울특별시 도봉구 창5동,11320,62.57,높음,최우선 대응,65.02347417840375,64.15,65.02347417840375,84.03755868544602,38.028169014084504,81.10328638497653,22.065727699530516,13.8049,0.1888,1.474390243902439,0.65,7.122591478425501,19799.71595458515,27.33333333333333
1117070000,서울특별시 용산구 보광동,11170,62.5,높음,이력 관리,99.29577464788733,40.88,99.29577464788733,38.84976525821596,32.629107981220656,91.19718309859155,11.032863849765258,31.7082,0.1492,1.4010309278350517,0.7379,6.807559397141152,10512.523640029112,33.333333333333336
1162064500,서울특별시 관악구 서원동,11620,62.21,높음,이력 관리,95.53990610328638,43.61,95.53990610328638,21.830985915492956,67.13615023474179,46.478873239436616,58.920187793427225,21.7039,0.1293,1.8944055944055944,0.5979,7.7295637074458,21962.26465947962,47.66666666666666
1153053000,서울특별시 구로구 구로2동,11530,61.79,높음,이력 관리,92.72300469483568,39.42,92.72300469483568,61.61971830985915,11.267605633802818,50.82159624413145,76.29107981220658,20.3463,0.1678,1.1659574468085103,0.5993,8.024656040142624,33585.084387145194,68.33333333333333
1168052100,서울특별시 강남구 논현1동,11680,61.26,높음,이력 관리,97.88732394366197,41.36,97.88732394366197,3.286384976525822,88.96713615023474,21.948356807511736,80.28169014084507,23.4049,0.092,2.3880398671096343,0.5206,8.133842278357807,42868.56836743086,100.33333333333331
1138063100,서울특별시 은평구 신사1동,11380,60.87,높음,최우선 대응,62.20657276995305,65.79,62.20657276995305,71.59624413145539,76.99530516431925,42.136150234741784,19.014084507042252,13.5156,0.1757,2.089010989010989,0.5835,7.04983042670853,23429.80194829876,31.666666666666668
1121584700,서울특별시 광진구 자양4동,11215,60.71,높음,이력 관리,75.35211267605634,55.25,75.35211267605634,33.33333333333333,59.859154929577464,70.89201877934272,79.34272300469483,15.4499,0.1416,1.7508620689655172,0.6359,8.112623682139686,26321.649089628823,40.66666666666666
1117051000,서울특별시 용산구 후암동,11170,60.68,높음,이력 관리,94.13145539906104,38.68,94.13145539906104,55.39906103286385,4.225352112676056,91.19718309859155,36.61971830985916,20.7112,0.1631,1.047945205479452,0.7379,7.377952341899325,13036.441091475615,27.0
1153080000,서울특별시 구로구 항동,11530,60.48,높음,잠재 위험,50.117370892018776,74.8,50.117370892018776,50.117370892018776,96.24413145539906,50.82159624413145,74.4131455399061,12.368500000000001,0.16005,2.87,0.5993,7.996507522576268,21332.169676937774,6.666666666666667
1174070000,서울특별시 강동구 둔촌2동,11740,60.32,높음,잠재 위험,41.31455399061033,78.16,41.31455399061033,87.44131455399061,79.34272300469483,30.985915492957744,66.90140845070422,11.7868,0.1963,2.142708333333333,0.5642,7.83888486344159,27149.04412963064,32.0
1129077000,서울특별시 성북구 장위2동,11290,60.1,높음,잠재 위험,46.478873239436616,73.23,46.478873239436616,96.71361502347418,46.948356807511736,66.78403755868545,40.61032863849765,12.2088,0.2156,1.5727272727272728,0.6333,7.44809839035809,12013.191241675764,14.666666666666666
1162063000,서울특별시 관악구 남현동,11620,59.87,보통,잠재 위험,57.04225352112676,69.71,57.04225352112676,45.305164319248824,99.29577464788733,46.478873239436616,52.58215962441315,13.0485,0.1555,3.4554347826086955,0.5979,7.6444004493384305,23502.143721333698,30.666666666666668
1144070000,서울특별시 마포구 망원2동,11440,59.68,보통,최우선 대응,69.48356807511738,61.54,69.48356807511738,43.309859154929576,89.2018779342723,62.558685446009385,3.755868544600939,14.4915,0.1535,2.4027777777777777,0.6235,6.506899531430872,16561.48209690724,24.0
1120067000,서울특별시 성동구 성수2가1동,11200,59.56,보통,이력 관리,96.71361502347418,35.85,96.71361502347418,18.779342723004692,16.901408450704224,95.07042253521126,92.25352112676056,22.7292,0.1249,1.234959349593496,0.75,8.614607553182537,19358.39417939411,44.0
1111071000,서울특별시 종로구 숭인2동,11110,59.36,보통,이력 관리,93.42723004694837,32.7,93.42723004694837,74.29577464788733,7.276995305164319,2.112676056338028,94.83568075117371,20.5896,0.1776,1.0935483870967742,0.3906,8.90391495908701,12303.921020160116,25.33333333333333
1117066000,서울특별시 용산구 이태원2동,11170,59.35,보통,이력 관리,88.02816901408451,44.48,88.02816901408451,26.877934272300468,42.01877934272301,91.19718309859155,46.009389671361504,17.9875,0.1345,1.5233333333333334,0.7379,7.536837900140974,11118.824287327148,20.0
1121583000,서울특별시 광진구 자양2동,11215,58.84,보통,잠재 위험,52.816901408450704,71.34,52.816901408450704,45.774647887323944,89.43661971830986,70.89201877934272,48.35680751173709,12.4222,0.156,2.4063291139240506,0.6359,7.571285240960191,21198.555853002184,26.33333333333333
1154561000,서울특별시 금천구 독산1동,11545,58.39,보통,이력 관리,87.08920187793427,42.66,87.08920187793427,20.422535211267608,42.25352112676056,78.28638497652582,80.51643192488262,17.8284,0.1283,1.5244791666666666,0.6476,8.146343979778747,36832.598681568415,65.66666666666667
1117068500,서울특별시 용산구 한남동,11170,58.37,보통,이력 관리,96.0093896713615,37.59,96.0093896713615,15.258215962441316,40.375586854460096,91.19718309859155,42.72300469483568,21.9075,0.1192,1.4989949748743718,0.7379,7.479223623948279,31191.74626393741,68.33333333333333
1159062000,서울특별시 동작구 사당1동,11590,58.15,보통,이력 관리,69.24882629107981,57.97,69.24882629107981,38.26291079812207,91.78403755868545,34.97652582159624,41.78403755868544,14.4639,0.149,2.507619047619048,0.5743,7.457518456157353,24198.17524979076,35.0
1156071000,서울특별시 영등포구 대림2동,11560,58.13,보통,이력 관리,88.96713615023474,40.46,88.96713615023474,53.63849765258216,50.23474178403756,26.643192488262912,23.708920187793428,18.8629,0.1624,1.6123809523809525,0.554,7.143046964231995,18554.97286062591,35.0
1111055000,서울특별시 종로구 부암동,11110,57.78,보통,이력 관리,64.7887323943662,56.64,64.7887323943662,75.11737089201877,68.54460093896714,2.112676056338028,50.23474178403756,13.7898,0.179,1.9363636363636365,0.3906,7.6162754899364735,14020.04685466703,19.33333333333333
1114062500,서울특별시 중구 다산동,11140,57.76,보통,이력 관리,89.90610328638498,34.11,89.90610328638498,63.84976525821596,2.112676056338028,38.497652582159624,86.85446009389672,19.3714,0.1697,0.9848101265822784,0.5778,8.382380978891993,14970.5169636008,29.0
1117064000,서울특별시 용산구 이촌2동,11170,57.68,보통,잠재 위험,35.44600938967136,79.18,35.44600938967136,78.75586854460094,57.863849765258216,91.19718309859155,59.38967136150235,10.943,0.1826,1.7333333333333334,0.7379,7.742402021815781,7919.82139576965,8.666666666666666
1130561500,서울특별시 강북구 수유1동,11305,57.68,보통,잠재 위험,50.117370892018776,70.47,50.117370892018776,50.117370892018776,66.19718309859155,98.59154929577466,52.816901408450704,12.368500000000001,0.16005,1.8703703703703705,0.7607,7.651968942495579,21332.169676937774,27.0
1114065000,서울특별시 중구 신당5동,11140,57.47,보통,이력 관리,98.82629107981221,27.72,98.82629107981221,48.82629107981221,3.286384976525822,38.497652582159624,89.2018779342723,25.1347,0.1599,1.0158730158730158,0.5778,8.444631986202427,8620.230053511645,21.666666666666668
1120069000,서울특별시 성동구 성수2가3동,11200,57.32,보통,이력 관리,79.5774647887324,48.49,79.5774647887324,3.051643192488263,59.154929577464785,95.07042253521126,90.61032863849765,16.305,0.0909,1.7439759036144578,0.75,8.531799605935744,33936.46627424491,55.333333333333336
1130553400,서울특별시 강북구 삼양동,11305,57.32,보통,잠재 위험,48.12206572769953,67.26,48.12206572769953,96.47887323943662,20.187793427230048,98.59154929577466,28.4037558685446,12.2964,0.2155,1.277215189873418,0.7607,7.233189812165641,22770.97963127729,28.0
1154564000,서울특별시 금천구 독산4동,11545,57.07,보통,이력 관리,88.26291079812206,37.96,88.26291079812206,63.6150234741784,9.15492957746479,78.28638497652582,11.267605633802818,18.1808,0.1692,1.1346153846153846,0.6476,6.820244455716029,11733.975483997452,21.33333333333333
1171054000,서울특별시 송파구 마천1동,11710,57.05,보통,이력 관리,91.07981220657277,32.22,91.07981220657277,88.49765258215963,1.8779342723004695,16.19718309859155,32.3943661971831,19.9055,0.1974,0.9846153846153848,0.4684,7.276574601577642,12224.412068058587,24.33333333333333
1156072000,서울특별시 영등포구 대림3동,11560,56.92,보통,이력 관리,84.50704225352112,38.81,84.50704225352112,54.694835680751176,29.342723004694836,26.643192488262912,81.2206572769953,17.184,0.1629,1.370731707317073,0.554,8.169351883630599,24247.34974670669,41.66666666666666
1120066000,서울특별시 성동구 성수1가2동,11200,56.91,보통,이력 관리,84.74178403755869,46.49,84.74178403755869,7.746478873239436,69.24882629107981,95.07042253521126,24.413145539906104,17.2555,0.1049,1.9457142857142853,0.75,7.16254104145989,20283.36201429221,35.0
1117059000,서울특별시 용산구 용문동,11170,56.83,보통,최우선 대응,61.03286384976526,60.63,61.03286384976526,67.25352112676056,47.88732394366197,91.19718309859155,0.7042253521126761,13.4164,0.1722,1.5771428571428572,0.7379,5.89171690473461,8695.826796761281,11.666666666666666
1147065000,서울특별시 양천구 신정4동,11470,56.68,보통,이력 관리,66.43192488262912,56.21,66.43192488262912,51.525821596244135,63.14553990610329,58.56807511737089,35.68075117370892,13.9286,0.1602,1.8022727272727272,0.6145,7.365586914880607,32786.199703447965,45.66666666666666
1135067000,서울특별시 노원구 상계5동,11350,56.57,보통,잠재 위험,37.558685446009385,73.96,37.558685446009385,98.59154929577466,40.140845070422536,74.88262910798123,46.948356807511736,11.2105,0.2241,1.4983870967741937,0.646,7.55094430584606,18435.056280312954,20.666666666666668
1174052600,서울특별시 강동구 상일제2동,11740,56.4,보통,잠재 위험,50.117370892018776,68.1,50.117370892018776,50.117370892018776,94.36619718309859,30.985915492957744,72.30046948356808,12.368500000000001,0.16005,2.67,0.5642,7.961148292986492,21332.169676937774,10.0
1135056000,서울특별시 노원구 월계1동,11350,56.31,보통,잠재 위험,57.51173708920187,61.64,57.51173708920187,65.84507042253522,53.051643192488264,74.88262910798123,27.464788732394368,13.1224,0.1714,1.6584269662921347,0.646,7.220938226899464,22607.62126290939,29.666666666666668
1141061500,서울특별시 서대문구 연희동,11410,56.23,보통,이력 관리,92.95774647887323,36.66,92.95774647887323,25.11737089201878,39.201877934272304,84.38967136150235,19.248826291079812,20.3874,0.1329,1.486635944700461,0.6647,7.050490962970153,37604.97562077875,76.66666666666667
1154551000,서울특별시 금천구 가산동,11545,56.13,보통,이력 관리,68.7793427230047,56.25,68.7793427230047,0.2347417840375587,88.02816901408451,78.28638497652582,88.96713615023474,14.3659,0.0671,2.377647058823529,0.6476,8.44015097775494,59631.84010732351,85.66666666666667
1130554500,서울특별시 강북구 송중동,11305,55.94,보통,잠재 위험,51.40845070422535,62.15,51.40845070422535,87.08920187793427,13.615023474178404,98.59154929577466,47.417840375586856,12.3722,0.1954,1.1983471074380163,0.7607,7.557836788244346,34755.38376391921,43.0
1174052500,서울특별시 강동구 상일제1동,11740,55.67,보통,잠재 위험,50.117370892018776,66.99,50.117370892018776,50.117370892018776,92.95774647887323,30.985915492957744,69.24882629107981,12.368500000000001,0.16005,2.5628571428571427,0.5642,7.881751307092269,21332.169676937774,23.33333333333333
1135063000,서울특별시 노원구 상계1동,11350,55.62,보통,잠재 위험,35.2112676056338,74.15,35.2112676056338,96.24413145539906,40.61032863849765,74.88262910798123,54.929577464788736,10.9223,0.214,1.4990909090909093,0.646,7.679882689289732,36622.26370186499,40.0
1144071000,서울특별시 마포구 연남동,11440,55.33,보통,이력 관리,86.85446009389672,42.29,86.85446009389672,10.093896713615024,77.69953051643192,62.558685446009385,21.36150234741784,17.7291,0.11,2.098958333333333,0.6235,7.1028567762004595,18049.390376874093,32.0
1126059000,서울특별시 중랑구 상봉2동,11260,55.18,보통,이력 관리,81.69014084507043,43.02,81.69014084507043,39.436619718309856,54.694835680751176,54.5774647887324,20.422535211267608,16.6596,0.1502,1.6828125,0.5997,7.084066443086821,25610.85729102984,42.66666666666666
1121577000,서울특별시 광진구 중곡4동,11215,55.17,보통,잠재 위험,42.95774647887324,67.57,42.95774647887324,80.98591549295774,38.732394366197184,70.89201877934272,75.35211267605634,11.8845,0.186,1.4783132530120482,0.6359,8.00907087014025,24682.064336359643,29.33333333333333
1147053000,서울특별시 양천구 목3동,11470,55.04,보통,잠재 위험,54.929577464788736,64.3,54.929577464788736,52.816901408450704,85.44600938967136,58.56807511737089,11.502347417840376,12.6455,0.1615,2.302941176470588,0.6145,6.847061210309881,18188.28850635917,23.0
1150054000,서울특별시 강서구 화곡1동,11500,55.01,보통,이력 관리,68.30985915492957,50.79,68.30985915492957,61.61971830985915,67.37089201877934,10.68075117370892,42.25352112676056,14.1581,0.1678,1.894472361809045,0.4572,7.467854684043638,46851.944928038574,66.33333333333333
1114067000,서울특별시 중구 황학동,11140,54.91,보통,이력 관리,98.59154929577466,24.85,98.59154929577466,44.60093896713615,6.103286384976526,38.497652582159624,73.47417840375586,24.8931,0.1548,1.0787878787878789,0.5778,7.976800758840702,13256.68761775837,33.0
1171056200,서울특별시 송파구 방이2동,11710,54.84,보통,이력 관리,72.30046948356808,50.15,72.30046948356808,13.262910798122066,97.1830985915493,16.19718309859155,91.54929577464789,15.0054,0.1158,2.9411042944785275,0.4684,8.590310397536081,36209.294554676126,54.333333333333336
1114068000,서울특별시 중구 중림동,11140,54.74,보통,이력 관리,88.49765258215963,38.0,88.49765258215963,32.3943661971831,62.91079812206573,38.497652582159624,12.206572769953052,18.329,0.1408,1.8,0.5778,6.861136285526599,8729.322891183312,16.0
1111070000,서울특별시 종로구 숭인1동,11110,54.72,보통,이력 관리,60.56338028169014,51.55,60.56338028169014,84.38967136150235,37.32394366197183,2.112676056338028,90.3755868544601,13.3859,0.1889,1.4666666666666666,0.3906,8.518017094339234,7470.542700827875,10.0
1141070000,서울특별시 서대문구 남가좌2동,11410,54.61,보통,이력 관리,75.11737089201877,47.52,75.11737089201877,36.971830985915496,49.53051643192488,84.38967136150235,19.953051643192488,15.409,0.1464,1.6076923076923078,0.6647,7.065104485481217,19685.47773854621,30.33333333333333
1162052500,서울특별시 관악구 보라매동,11620,54.51,보통,이력 관리,71.83098591549296,46.49,71.83098591549296,46.71361502347418,43.89671361502347,46.478873239436616,73.94366197183099,14.937,0.1571,1.5430379746835443,0.5979,7.984437801548803,17629.598517085153,26.33333333333333
1162065500,서울특별시 관악구 신원동,11620,54.4,보통,이력 관리,64.08450704225352,54.64,64.08450704225352,37.67605633802817,73.23943661971832,46.478873239436616,61.737089201877936,13.7545,0.1475,1.9955882352941168,0.5979,7.771655005234549,16479.486770931428,22.666666666666668
1156065000,서울특별시 영등포구 신길3동,11560,53.88,보통,잠재 위험,46.009389671361504,66.02,46.009389671361504,69.71830985915493,78.87323943661971,26.643192488262912,51.64319248826291,12.1615,0.1743,2.120833333333333,0.554,7.639802608499639,13156.240946870452,16.0
1156061000,서울특별시 영등포구 양평1동,11560,53.79,보통,이력 관리,73.70892018779342,47.17,73.70892018779342,15.96244131455399,84.97652582159625,26.643192488262912,82.3943661971831,15.1997,0.1209,2.291954022988506,0.554,8.1855886439057,19079.381020978894,29.0
1168051000,서울특별시 강남구 신사동,11680,53.64,보통,이력 관리,87.79342723004694,36.19,87.79342723004694,10.7981220657277,73.00469483568075,21.948356807511736,72.53521126760563,17.9809,0.1108,1.9938144329896907,0.5206,7.967021499770677,35963.997325373,64.66666666666667
1120062000,서울특별시 성동구 금호4가동,11200,53.62,보통,관찰 지역,55.16431924882629,57.41,55.16431924882629,68.7793427230047,25.234741784037556,95.07042253521126,43.66197183098591,12.6656,0.1733,1.3333333333333333,0.75,7.5022533784722425,12237.90771669396,15.5
1168067500,서울특별시 강남구 개포3동,11680,53.53,보통,잠재 위험,50.117370892018776,64.09,50.117370892018776,50.117370892018776,95.77464788732394,21.948356807511736,56.57276995305164,12.368500000000001,0.16005,2.75,0.5206,7.698248688358318,21332.169676937774,9.333333333333334
1156067000,서울특별시 영등포구 신길5동,11560,53.49,보통,이력 관리,84.03755868544602,32.84,84.03755868544602,66.19718309859155,10.56338028169014,26.643192488262912,63.6150234741784,17.0785,0.1715,1.1545454545454543,0.554,7.7960184203269005,9563.664175836971,16.333333333333332
1126062000,서울특별시 중랑구 묵1동,11260,53.37,보통,잠재 위험,41.78403755868544,67.26,41.78403755868544,79.81220657276995,56.10328638497653,54.5774647887324,49.06103286384976,11.8033,0.1835,1.71,0.5997,7.59797797463576,25699.05648022197,30.33333333333333
1144069000,서울특별시 마포구 망원1동,11440,53.22,보통,이력 관리,62.91079812206573,54.58,62.91079812206573,34.27230046948357,71.47887323943662,62.558685446009385,47.183098591549296,13.6214,0.1427,1.975,0.6235,7.552888500071921,19577.071356268192,26.666666666666668
1174057000,서울특별시 강동구 암사1동,11740,53.13,보통,이력 관리,78.16901408450704,39.4,78.16901408450704,71.94835680751174,31.220657276995308,30.985915492957744,9.859154929577464,15.9809,0.1758,1.3858333333333337,0.5642,6.766842292730684,26698.52102357525,42.66666666666666
1132051100,서울특별시 도봉구 창1동,11320,52.86,보통,잠재 위험,42.01877934272301,65.98,42.01877934272301,87.44131455399061,36.38497652582159,81.10328638497653,29.107981220657276,11.8354,0.1963,1.4555555555555555,0.65,7.236731961526564,20841.47360988901,24.666666666666668
1138055200,서울특별시 은평구 갈현2동,11380,52.79,보통,이력 관리,66.66666666666666,48.26,66.66666666666666,63.14553990610329,45.539906103286384,42.136150234741784,32.159624413145536,13.9409,0.169,1.556989247311828,0.5835,7.276085744001766,22475.76742471797,31.33333333333333
1171060000,서울특별시 송파구 석촌동,11710,52.48,보통,이력 관리,80.51643192488262,38.35,80.51643192488262,24.178403755868544,65.02347417840375,16.19718309859155,80.75117370892019,16.4568,0.1324,1.833098591549296,0.4684,8.15433761027432,28762.25038405204,47.333333333333336
1150055000,서울특별시 강서구 화곡2동,11500,52.45,보통,잠재 위험,38.732394366197184,68.87,38.732394366197184,69.95305164319248,88.26291079812206,10.68075117370892,70.4225352112676,11.3806,0.1747,2.378571428571429,0.4572,7.91839921116264,12594.50873065866,14.333333333333334
1138053000,서울특별시 은평구 불광2동,11380,52.4,보통,잠재 위험,38.26291079812207,67.26,38.26291079812207,91.78403755868545,51.173708920187785,42.136150234741784,49.29577464788733,11.3474,0.2025,1.6428571428571428,0.5835,7.598813612753206,21150.16103408843,24.0
1130563500,서울특별시 강북구 수유3동,11305,52.32,보통,잠재 위험,50.117370892018776,62.11,50.117370892018776,50.117370892018776,53.990610328638496,98.59154929577466,35.2112676056338,12.368500000000001,0.16005,1.6781456953642384,0.7607,7.364404914879219,21332.169676937774,51.0
1154568000,서울특별시 금천구 시흥2동,11545,52.32,보통,잠재 위험,13.145539906103288,89.45,13.145539906103288,79.5774647887324,88.6150234741784,78.28638497652582,48.82629107981221,7.7537,0.1832,2.3857142857142857,0.6476,7.5749636760663694,15046.64887930313,11.666666666666666
1123065000,서울특별시 동대문구 장안1동,11230,52.28,보통,이력 관리,73.23943661971832,40.56,73.23943661971832,43.309859154929576,7.981220657276995,87.67605633802818,86.3849765258216,15.1861,0.1535,1.1085106382978724,0.6955,8.346800205487556,34900.448211963245,53.0
1117063000,서울특별시 용산구 이촌1동,11170,52.21,보통,잠재 위험,11.502347417840376,90.53,11.502347417840376,66.43192488262912,88.6150234741784,91.19718309859155,76.76056338028168,7.4996,0.1716,2.3857142857142857,0.7379,8.045988841593983,25334.571485352983,19.0
1120058000,서울특별시 성동구 응봉동,11200,52.17,보통,잠재 위험,29.577464788732392,77.28,29.577464788732392,54.22535211267606,75.11737089201877,95.07042253521126,63.38028169014085,10.2912,0.1628,2.0303030303030303,0.75,7.791442466978597,10688.700817367177,11.0
1111054000,서울특별시 종로구 삼청동,11110,52.15,보통,이력 관리,86.61971830985915,31.6,86.61971830985915,32.74647887323944,49.76525821596244,2.112676056338028,83.56807511737088,17.7229,0.1412,1.61,0.3906,8.213562389189342,5642.42306522016,10.0
1117053000,서울특별시 용산구 남영동,11170,52.11,보통,이력 관리,97.41784037558685,26.19,97.41784037558685,21.36150234741784,18.07511737089202,91.19718309859155,17.136150234741784,23.3122,0.1291,1.252212389380531,0.7379,7.00867373991717,16443.4758525746,38.333333333333336
1130560800,서울특별시 강북구 번3동,11305,52.03,보통,관찰 지역,50.117370892018776,58.56,50.117370892018776,50.117370892018776,30.985915492957744,98.59154929577466,90.14084507042254,12.368500000000001,0.16005,1.3849056603773586,0.7607,8.506940814951886,21332.169676937774,17.666666666666668
1129076000,서울특별시 성북구 장위1동,11290,52.01,보통,잠재 위험,30.51643192488263,74.58,30.51643192488263,71.12676056338029,69.01408450704226,66.78403755868545,62.676056338028175,10.4265,0.1755,1.9388059701492537,0.6333,7.7791263466287575,21419.81247430859,22.33333333333333
1174065000,서울특별시 강동구 성내2동,11740,52.0,보통,이력 관리,76.29107981220658,38.62,76.29107981220658,71.94835680751174,27.464788732394368,30.985915492957744,17.370892018779344,15.5798,0.1758,1.3543859649122807,0.5642,7.012030590634425,24390.48805433042,38.0
1123075000,서울특별시 동대문구 이문2동,11230,51.48,보통,잠재 위험,14.319248826291082,87.06,14.319248826291082,86.50234741784037,76.76056338028168,87.67605633802818,30.046948356807512,8.1106,0.1938,2.0885714285714285,0.6955,7.252445534691573,14384.538511280933,11.666666666666666
1153059500,서울특별시 구로구 가리봉동,11530,51.42,보통,이력 관리,98.12206572769952,26.01,98.12206572769952,18.07511737089202,47.417840375586856,50.82159624413145,5.39906103286385,24.1857,0.1237,1.5746835443037976,0.5993,6.5931781703847845,10887.980900272927,26.33333333333333
1129078000,서울특별시 성북구 장위3동,11290,51.42,보통,관찰 지역,57.981220657277,50.86,57.981220657277,66.90140845070422,24.88262910798122,66.78403755868545,60.798122065727696,13.1751,0.1719,1.331034482758621,0.6333,7.756623334538858,7843.090877283478,10.333333333333334
1168056500,서울특별시 강남구 청담동,11680,51.29,보통,이력 관리,81.92488262910797,36.17,81.92488262910797,11.267605633802818,68.07511737089203,21.948356807511736,88.02816901408451,16.661,0.1112,1.920873786407767,0.5206,8.424746326251608,42014.29996853165,70.0
1162068500,서울특별시 관악구 신사동,11620,51.2,보통,이력 관리,83.80281690140845,35.22,83.80281690140845,38.84976525821596,47.652582159624416,46.478873239436616,7.042253521126761,16.997,0.1492,1.575728155339806,0.5979,6.677789443297449,20395.733948107714,34.666666666666664
1171065000,서울특별시 송파구 잠실본동,11710,51.12,보통,이력 관리,81.45539906103286,36.68,81.45539906103286,21.5962441314554,70.18779342723005,16.19718309859155,59.624413145539904,16.6422,0.1292,1.952542372881356,0.4684,7.744285855853582,35451.96605090065,59.0
1162076500,서울특별시 관악구 미성동,11620,51.09,보통,이력 관리,65.72769953051643,44.13,65.72769953051643,63.38028169014085,24.647887323943664,46.478873239436616,65.96244131455398,13.8544,0.1691,1.3283783783783782,0.5979,7.831483452927959,20691.3613338246,28.666666666666668
1174061000,서울특별시 강동구 천호2동,11740,50.75,보통,이력 관리,67.13615023474179,43.73,67.13615023474179,65.84507042253522,37.79342723004695,30.985915492957744,39.436619718309856,14.0844,0.1714,1.4679347826086957,0.5642,7.421316106035208,44256.8557529476,62.333333333333336
1168066000,서울특별시 강남구 개포1동,11680,50.72,보통,잠재 위험,40.140845070422536,63.44,40.140845070422536,65.3755868544601,66.90140845070422,21.948356807511736,99.53051643192488,11.6024,0.171,1.8833333333333333,0.5206,10.67099025863954,8906.178183888282,10.333333333333334
1153073000,서울특별시 구로구 고척2동,11530,50.62,보통,이력 관리,67.84037558685446,40.53,67.84037558685446,79.22535211267606,3.9906103286384975,50.82159624413145,48.12206572769953,14.1378,0.1829,1.0435483870967743,0.5993,7.569317309869959,16032.628506741266,22.666666666666668
1126063000,서울특별시 중랑구 묵2동,11260,50.43,보통,잠재 위험,43.42723004694836,61.43,43.42723004694836,75.35211267605634,49.29577464788733,54.5774647887324,46.478873239436616,11.9495,0.1793,1.603030303030303,0.5997,7.543734801961932,18689.70919220342,22.33333333333333
1123066000,서울특별시 동대문구 장안2동,11230,50.17,보통,관찰 지역,47.183098591549296,58.74,47.183098591549296,41.901408450704224,44.60093896713615,87.67605633802818,94.36619718309859,12.2439,0.1525,1.546601941747573,0.6955,8.861276551537628,28041.11711257278,34.333333333333336
1162077500,서울특별시 관악구 난곡동,11620,50.12,보통,관찰 지역,55.86854460093896,50.59,55.86854460093896,81.2206572769953,30.046948356807512,46.478873239436616,31.220657276995308,12.8519,0.1861,1.3753846153846154,0.5979,7.268132058317824,17118.1405580877,22.0
1138055100,서울특별시 은평구 갈현1동,11380,50.03,보통,관찰 지역,59.154929577464785,44.53,59.154929577464785,79.22535211267606,4.460093896713615,42.136150234741784,92.72300469483568,13.2351,0.1829,1.049367088607595,0.5835,8.707032057229682,20400.30039787118,27.0
1120061500,서울특별시 성동구 금호2·3가동,11200,49.94,보통,관찰 지역,44.13145539906103,58.84,44.13145539906103,67.72300469483568,20.657276995305164,95.07042253521126,73.70892018779342,12.0167,0.1726,1.281081081081081,0.75,7.978667080960339,20526.929472834792,24.666666666666668
1114064500,서울특별시 중구 청구동,11140,49.93,보통,관찰 지역,58.68544600938967,44.96,58.68544600938967,76.05633802816901,9.389671361502346,38.497652582159624,96.94835680751174,13.2086,0.1801,1.1377777777777778,0.5778,9.395697248079683,11356.272358333334,15.0
1123053600,서울특별시 동대문구 용신동,11230,49.92,보통,관찰 지역,42.72300469483568,58.7,42.72300469483568,73.94366197183099,15.023474178403756,87.67605633802818,85.44600938967136,11.8697,0.1775,1.214074074074074,0.6955,8.308033081146919,41281.53746358261,49.0
1150059100,서울특별시 강서구 화곡6동,11500,49.89,보통,이력 관리,85.68075117370893,31.85,85.68075117370893,41.07981220657277,60.328638497652584,10.68075117370892,2.112676056338028,17.5633,0.1521,1.7592592592592593,0.4572,6.378808496342143,20497.32443356077,36.0
1159067000,서울특별시 동작구 신대방1동,11590,49.59,보통,이력 관리,72.76995305164318,41.28,72.76995305164318,46.009389671361504,60.56338028169014,34.97652582159624,3.5211267605633805,15.1302,0.1564,1.76046511627907,0.5743,6.475709681860182,18946.606059406844,28.666666666666668
1162073500,서울특별시 관악구 대학동,11620,49.54,보통,이력 관리,66.19718309859155,48.83,66.19718309859155,5.868544600938967,96.0093896713615,46.478873239436616,51.40845070422535,13.8793,0.0989,2.7507246376811594,0.5979,7.6350914403552235,33142.9762985262,46.0
1150064100,서울특별시 강서구 방화3동,11500,49.46,보통,관찰 지역,44.60093896713615,58.77,44.60093896713615,92.48826291079813,59.38967136150235,10.68075117370892,19.718309859154928,12.0506,0.2045,1.7482758620689656,0.4572,7.064338372241426,16596.665958888283,20.0
1129052500,서울특별시 성북구 성북동,11290,49.11,보통,잠재 위험,31.690140845070424,69.88,31.690140845070424,62.441314553990615,69.48356807511738,66.78403755868545,57.51173708920187,10.5188,0.1685,1.9484375,0.6333,7.722221907821526,20914.934138191413,22.0
1120072000,서울특별시 성동구 송정동,11200,48.9,보통,잠재 위험,44.36619718309859,64.27,44.36619718309859,25.938967136150236,85.91549295774648,95.07042253521126,30.751173708920188,12.042,0.1338,2.305555555555556,0.75,7.255609382158672,9965.082251009826,12.0
1114057000,서울특별시 중구 필동,11140,48.77,보통,이력 관리,97.65258215962442,20.62,97.65258215962442,9.624413145539906,39.671361502347416,38.497652582159624,47.88732394366197,23.3136,0.109,1.4894736842105265,0.5778,7.563023573009394,12153.139233851893,28.33333333333333
1159056000,서울특별시 동작구 상도4동,11590,48.63,보통,관찰 지역,58.21596244131455,48.51,58.21596244131455,64.67136150234741,50.70422535211267,34.97652582159624,24.88262910798122,13.1925,0.1704,1.622093023255814,0.5743,7.173242865924149,21982.10437570961,29.0
1129072500,서울특별시 성북구 월곡2동,11290,48.61,보통,잠재 위험,27.230046948356808,72.71,27.230046948356808,64.08450704225352,74.29577464788733,66.78403755868545,55.39906103286385,10.0789,0.1701,2.025,0.6333,7.690646601473309,22489.33422693777,22.666666666666668
1156066000,서울특별시 영등포구 신길4동,11560,48.29,보통,관찰 지역,53.286384976525824,50.82,53.286384976525824,83.45070422535211,46.009389671361504,26.643192488262912,8.92018779342723,12.4681,0.1876,1.5655172413793104,0.554,6.712918229117763,7753.095597780204,9.666666666666666
1159055000,서울특별시 동작구 상도3동,11590,48.05,보통,이력 관리,74.4131455399061,32.29,74.4131455399061,72.30046948356808,6.807511737089202,34.97652582159624,34.74178403755869,15.2653,0.1759,1.0904761904761906,0.5743,7.359897016966568,17468.826805558587,26.666666666666668
1153075000,서울특별시 구로구 개봉2동,11530,47.94,보통,잠재 위험,10.328638497652582,83.52,10.328638497652582,86.85446009389672,83.80281690140845,50.82159624413145,52.347417840375584,7.3652,0.1946,2.253846153846154,0.5993,7.640796023203759,23533.94490225619,17.333333333333332
1121576000,서울특별시 광진구 중곡3동,11215,47.85,보통,관찰 지역,58.920187793427225,43.45,58.920187793427225,67.72300469483568,5.164319248826291,70.89201877934272,65.25821596244131,13.2207,0.1726,1.0666666666666669,0.6359,7.81995511485754,15127.837971497453,20.0
1123061000,서울특별시 동대문구 답십리2동,11230,47.49,보통,잠재 위험,21.12676056338028,74.37,21.12676056338028,82.62910798122066,52.112676056338024,87.67605633802818,38.26291079812207,9.2812,0.1873,1.6508196721311477,0.6955,7.401402952970394,21908.082358333337,20.33333333333333
1135064000,서울특별시 노원구 상계2동,11350,47.39,보통,관찰 지역,52.58215962441315,50.7,52.58215962441315,68.07511737089203,31.690140845070424,74.88262910798123,15.492957746478872,12.4193,0.1727,1.3891089108910892,0.646,6.985658636941039,28718.76017918486,35.666666666666664
1156070000,서울특별시 영등포구 대림1동,11560,47.2,보통,관찰 지역,59.859154929577464,41.7,59.859154929577464,81.8075117370892,19.248826291079812,26.643192488262912,42.48826291079813,13.323,0.1864,1.2666666666666666,0.554,7.475476655833134,15762.187729839883,21.0
1147068000,서울특별시 양천구 신정7동,11470,47.16,보통,잠재 위험,20.422535211267608,74.67,20.422535211267608,76.87793427230048,70.89201877934272,58.56807511737089,53.051643192488264,9.1927,0.1803,1.967796610169492,0.6145,7.657404744197853,21393.75752741085,19.666666666666668
1150053000,서울특별시 강서구 등촌2동,11500,47.11,보통,이력 관리,61.97183098591549,44.8,61.97183098591549,53.051643192488264,70.4225352112676,10.68075117370892,18.30985915492958,13.486,0.1616,1.9555555555555555,0.4572,7.03105840440549,15571.739886726711,21.0
1171056600,서울특별시 송파구 오륜동,11710,47.11,보통,잠재 위험,36.15023474178404,60.1,36.15023474178404,76.05633802816901,56.57276995305164,16.19718309859155,85.68075117370893,11.0398,0.1801,1.716129032258065,0.4684,8.314847019052166,19022.090966375545,21.0
1165061000,서울특별시 서초구 방배2동,11650,46.91,보통,관찰 지역,54.22535211267606,49.3,54.22535211267606,55.86854460093896,72.06572769953051,6.220657276995305,44.13145539906103,12.6256,0.1635,1.979746835443038,0.4541,7.505619718385705,20857.15121563944,26.33333333333333
1114059000,서울특별시 중구 광희동,11140,46.81,보통,이력 관리,94.83568075117371,16.56,94.83568075117371,12.910798122065728,14.319248826291082,38.497652582159624,95.77464788732394,21.27,0.1145,1.20709219858156,0.5778,9.136382815859829,23507.3273727984,50.0
1171051000,서울특별시 송파구 풍납1동,11710,46.66,보통,잠재 위험,16.901408450704224,77.34,16.901408450704224,84.97652582159625,97.41784037558685,16.19718309859155,35.91549295774648,8.6676,0.1895,2.948717948717949,0.4684,7.365752596245598,14998.438631668483,13.0
1162061500,서울특별시 관악구 중앙동,11620,46.54,보통,이력 관리,80.28169014084507,31.02,80.28169014084507,33.33333333333333,45.774647887323944,46.478873239436616,2.5821596244131455,16.4122,0.1416,1.561842105263158,0.5979,6.394437099902722,15435.624998926492,25.33333333333333
1132051400,서울특별시 도봉구 창4동,11320,46.38,보통,잠재 위험,7.981220657276995,82.28,7.981220657276995,82.98122065727699,64.7887323943662,81.10328638497653,62.91079812206573,6.8948,0.1875,1.8327586206896551,0.65,7.78104952268991,28040.58989808952,19.33333333333333
1126058000,서울특별시 중랑구 상봉1동,11260,46.15,보통,관찰 지역,45.539906103286384,53.07,45.539906103286384,56.57276995305164,43.66197183098591,54.5774647887324,71.59624413145539,12.1501,0.1644,1.5359375,0.5997,7.949949880282659,17558.17922378093,21.33333333333333
1117057000,서울특별시 용산구 원효로2동,11170,46.03,보통,관찰 지역,45.774647887323944,53.35,45.774647887323944,58.68544600938967,28.638497652582164,91.19718309859155,45.539906103286384,12.153,0.1659,1.3660714285714286,0.7379,7.528044987238691,15633.997158342432,19.0
1130559500,서울특별시 강북구 번1동,11305,45.93,보통,관찰 지역,50.117370892018776,49.75,50.117370892018776,50.117370892018776,22.065727699530516,98.59154929577466,57.74647887323944,12.368500000000001,0.16005,1.297029702970297,0.7607,7.72250298562562,21332.169676937774,33.666666666666664
1117065000,서울특별시 용산구 이태원1동,11170,45.81,보통,이력 관리,100.0,14.16,100.0,15.610328638497654,1.1737089201877933,91.19718309859155,9.624413145539906,35.7981,0.1205,0.957843137254902,0.7379,6.75437097208278,11360.02216768559,40.66666666666666
1141072000,서울특별시 서대문구 북가좌2동,11410,45.76,보통,관찰 지역,59.38967136150235,41.48,59.38967136150235,70.89201877934272,3.755868544600939,84.38967136150235,17.84037558685446,13.2387,0.1753,1.04,0.6647,7.023534710041691,34243.129165547674,45.333333333333336
1162062500,서울특별시 관악구 인헌동,11620,45.7,보통,잠재 위험,35.68075117370892,63.62,35.68075117370892,31.338028169014088,94.13145539906104,46.478873239436616,75.5868544600939,10.9448,0.1395,2.662025316455696,0.5979,8.011132619501081,24060.166476746723,26.33333333333333
1132068100,서울특별시 도봉구 쌍문4동,11320,45.61,보통,잠재 위험,29.107981220657276,65.76,29.107981220657276,85.2112676056338,44.13145539906103,81.10328638497653,8.215962441314554,10.2425,0.1896,1.5439024390243905,0.65,6.708389287578924,13343.072403538938,13.666666666666666
1168059000,서울특별시 강남구 삼성2동,11680,45.53,보통,이력 관리,67.6056338028169,38.84,67.6056338028169,5.633802816901409,78.40375586854461,21.948356807511736,90.84507042253522,14.1137,0.0986,2.117647058823529,0.5206,8.533252060515322,40386.30151106259,57.0
1121586000,서울특별시 광진구 구의2동,11215,45.51,보통,이력 관리,60.093896713615024,43.85,60.093896713615024,48.12206572769953,41.54929577464789,70.89201877934272,9.389671361502346,13.3356,0.1589,1.5132530120481926,0.6359,6.739487985105259,20746.47627582788,27.666666666666668
1126060000,서울특별시 중랑구 중화1동,11260,45.51,보통,관찰 지역,57.74647887323944,40.49,57.74647887323944,82.27699530516432,2.3474178403755865,54.5774647887324,35.44600938967136,13.1469,0.187,0.9925925925925926,0.5997,7.364928939161788,15212.69996374636,20.0
1121574000,서울특별시 광진구 중곡1동,11215,45.26,보통,관찰 지역,46.244131455399064,51.97,46.244131455399064,35.44600938967136,46.478873239436616,70.89201877934272,95.07042253521126,12.1654,0.1439,1.5714285714285714,0.6359,8.99727929582951,15344.050650327512,18.666666666666668
1138057000,서울특별시 은평구 대조동,11380,45.0,보통,잠재 위험,14.788732394366196,75.13,14.788732394366196,62.91079812206573,82.3943661971831,42.136150234741784,97.88732394366197,8.3197,0.1689,2.226785714285714,0.5835,9.538907678327877,45274.094156304585,37.66666666666666
1120064500,서울특별시 성동구 옥수동,11200,44.88,보통,잠재 위험,9.15492957746479,83.17,9.15492957746479,57.74647887323944,92.25352112676056,95.07042253521126,33.568075117370896,7.1792,0.1651,2.515254237288136,0.75,7.326900578652162,27393.87469389556,19.666666666666668
1114054000,서울특별시 중구 회현동,11140,44.69,보통,이력 관리,74.88262910798123,28.48,74.88262910798123,23.239436619718308,28.169014084507044,38.497652582159624,97.1830985915493,15.4014,0.131,1.3608695652173912,0.5778,9.478453527524302,25755.292134088428,39.66666666666666
1135059500,서울특별시 노원구 공릉1동,11350,44.52,보통,잠재 위험,28.638497652582164,63.19,28.638497652582164,68.30985915492957,42.72300469483568,74.88262910798123,66.19718309859155,10.1865,0.1728,1.525984251968504,0.646,7.833549580719155,42540.07912038756,43.333333333333336
1121575000,서울특별시 광진구 중곡2동,11215,44.33,보통,관찰 지역,58.45070422535211,41.4,58.45070422535211,38.497652582159624,30.751173708920188,70.89201877934272,63.14553990610329,13.206,0.1491,1.3833333333333333,0.6359,7.7812483818442475,18425.96791088064,24.33333333333333
1165059000,서울특별시 서초구 방배본동,11650,44.28,보통,관찰 지역,53.755868544600936,44.55,53.755868544600936,44.835680751173705,63.38028169014085,6.220657276995305,78.87323943661971,12.5624,0.1552,1.8196969696969696,0.4541,8.104384282080641,18043.304618377,22.666666666666668
1156051500,서울특별시 영등포구 영등포본동,11560,44.24,보통,이력 관리,71.59624413145539,31.85,71.59624413145539,45.07042253521127,39.906103286384976,26.643192488262912,27.699530516431924,14.9187,0.1554,1.4904761904761905,0.554,7.224158843068057,18768.4528966976,28.0
1121582000,서울특별시 광진구 자양1동,11215,44.03,보통,관찰 지역,48.35680751173709,52.06,48.35680751173709,25.46948356807512,71.12676056338029,70.89201877934272,44.36619718309859,12.3298,0.1336,1.97,0.6359,7.50724623035598,24601.61977249818,30.33333333333333
1135058000,서울특별시 노원구 월계3동,11350,43.84,보통,잠재 위험,3.5211267605633805,83.59,3.5211267605633805,89.67136150234741,78.16901408450704,74.88262910798123,14.553990610328638,5.1962,0.1996,2.107894736842105,0.646,6.93197187109464,24376.8894316139,12.666666666666666
1129063000,서울특별시 성북구 정릉2동,11290,43.76,보통,관찰 지역,32.3943661971831,58.18,32.3943661971831,77.93427230046949,30.28169014084507,66.78403755868545,56.10328638497653,10.5762,0.1818,1.382258064516129,0.6333,7.695841941275737,19540.72780680495,20.666666666666668
1120055000,서울특별시 성동구 사근동,11200,43.76,보통,이력 관리,82.86384976525821,26.28,82.86384976525821,3.9906103286384975,34.50704225352113,95.07042253521126,13.380281690140844,16.7833,0.0941,1.43109243697479,0.75,6.9134787062781005,23833.17365098925,40.0
1153074000,서울특별시 구로구 개봉1동,11530,43.73,보통,잠재 위험,23.708920187793428,62.88,23.708920187793428,85.91549295774648,31.455399061032864,50.82159624413145,89.90610328638498,9.5759,0.1924,1.388372093023256,0.5993,8.502503603560214,30284.285036371908,29.0
1126065500,서울특별시 중랑구 망우본동,11260,43.71,보통,관찰 지역,55.633802816901415,40.74,55.633802816901415,73.00469483568075,14.553990610328638,54.5774647887324,26.995305164319248,12.8199,0.1763,1.2090909090909092,0.5997,7.215686822363885,39001.98964354076,50.0
1171063200,서울특별시 송파구 가락2동,11710,43.69,보통,관찰 지역,40.375586854460096,53.28,40.375586854460096,55.04694835680751,64.31924882629107,16.19718309859155,82.86384976525821,11.648,0.163,1.832258064516129,0.4684,8.197871375287582,26614.01008169578,31.0
1114061500,서울특별시 중구 신당동,11140,43.61,보통,이력 관리,88.73239436619718,14.81,88.73239436619718,22.183098591549296,0.2347417840375587,38.497652582159624,100.0,18.5477,0.1294,0.8918367346938776,0.5778,13.25836301307592,22105.17975656841,41.0
1153072000,서울특별시 구로구 고척1동,11530,43.54,보통,이력 관리,61.502347417840376,36.45,61.502347417840376,48.35680751173709,21.830985915492956,50.82159624413145,64.31924882629107,13.4601,0.1594,1.294186046511628,0.5993,7.801679847876939,22783.32093191412,30.666666666666668
1174062000,서울특별시 강동구 천호3동,11740,43.15,보통,이력 관리,68.07511737089203,29.69,68.07511737089203,65.3755868544601,8.92018779342723,30.985915492957744,40.845070422535215,14.1436,0.171,1.1280898876404497,0.5642,7.449053051325571,27338.72691854076,38.66666666666666
1162058500,서울특별시 관악구 낙성대동,11620,43.0,보통,이력 관리,75.82159624413146,28.64,75.82159624413146,3.755868544600939,51.87793427230047,46.478873239436616,67.6056338028169,15.516,0.0934,1.6504587155963304,0.5979,7.852688024384079,23846.39826717613,37.0
1117056000,서울특별시 용산구 원효로1동,11170,42.9,보통,이력 관리,62.676056338028175,40.91,62.676056338028175,7.276995305164319,60.093896713615024,91.19718309859155,25.586854460093893,13.602,0.1028,1.7511904761904762,0.7379,7.178168408199428,20585.214410935227,28.0
1144068000,서울특별시 마포구 합정동,11440,42.74,보통,이력 관리,79.81220657276995,24.82,79.81220657276995,9.859154929577464,33.80281690140845,62.558685446009385,49.76525821596244,16.3304,0.1093,1.4168316831683168,0.6235,7.604491465892349,21840.68979393195,35.666666666666664
1168054500,서울특별시 강남구 압구정동,11680,42.7,보통,이력 관리,77.23004694835682,24.98,77.23004694835682,17.84037558685446,41.31455399061033,21.948356807511736,77.93427230046949,15.9274,0.1236,1.51005291005291,0.5206,8.088588763733252,42275.0262341794,67.33333333333333
1174060000,서울특별시 강동구 천호1동,11740,42.68,보통,관찰 지역,32.629107981220656,57.38,32.629107981220656,78.75586854460094,52.816901408450704,30.985915492957744,40.140845070422536,10.5909,0.1826,1.658,0.5642,7.437846549802559,31473.582160362083,33.333333333333336
1117069000,서울특별시 용산구 서빙고동,11170,42.45,보통,관찰 지역,48.82629107981221,47.17,48.82629107981221,43.89671361502347,34.97652582159624,91.19718309859155,30.51643192488263,12.3648,0.154,1.4358490566037734,0.7379,7.255143904895713,15366.17493221434,19.0
1123057000,서울특별시 동대문구 전농2동,11230,42.4,보통,잠재 위험,12.206572769953052,72.22,12.206572769953052,62.20657276995305,50.93896713615024,87.67605633802818,98.35680751173709,7.6539,0.1684,1.6324324324324324,0.6955,9.683635453445078,16113.840690629157,12.333333333333334
1130562500,서울특별시 강북구 수유2동,11305,42.39,보통,관찰 지역,50.117370892018776,45.79,50.117370892018776,50.117370892018776,25.234741784037556,98.59154929577466,18.07511737089202,12.368500000000001,0.16005,1.3333333333333333,0.7607,7.028939929986849,21332.169676937774,27.0
1162071500,서울특별시 관악구 난향동,11620,42.37,보통,잠재 위험,21.830985915492956,67.84,21.830985915492956,65.02347417840375,81.2206572769953,46.478873239436616,33.33333333333333,9.3992,0.1709,2.179310344827586,0.5979,7.3209818554840655,10284.57194959971,9.666666666666666
1162054500,서울특별시 관악구 청림동,11620,42.19,보통,잠재 위험,13.615023474178404,73.05,13.615023474178404,72.53521126760563,81.69014084507043,46.478873239436616,42.95774647887324,7.8961,0.1761,2.207692307692308,0.5979,7.485801169616634,10975.948538891922,8.666666666666666
1171057000,서울특별시 송파구 오금동,11710,42.05,보통,관찰 지역,53.051643192488264,40.22,53.051643192488264,57.159624413145536,39.436619718309856,16.19718309859155,68.30985915492957,12.4513,0.1648,1.4886363636363635,0.4684,7.870095509625928,36943.8370367631,46.0
1114063500,서울특별시 중구 약수동,11140,41.91,보통,관찰 지역,35.91549295774648,48.85,35.91549295774648,94.60093896713614,2.8169014084507045,38.497652582159624,83.09859154929578,10.9596,0.2097,1.0097560975609756,0.5778,8.201512112941389,14294.875971815864,15.666666666666666
1165062000,서울특별시 서초구 방배3동,11650,41.5,보통,관찰 지역,36.85446009389671,52.0,36.85446009389671,61.267605633802816,61.97183098591549,6.220657276995305,80.04694835680752,11.1077,0.1677,1.781967213114754,0.4541,8.132548292239914,18605.790418322416,20.666666666666668
1126055000,서울특별시 중랑구 면목5동,11260,41.32,보통,관찰 지역,34.97652582159624,55.95,34.97652582159624,69.01408450704226,56.8075117370892,54.5774647887324,2.8169014084507045,10.8859,0.1735,1.7216216216216218,0.5997,6.400382022266397,11329.59713820051,12.333333333333334
1171053100,서울특별시 송파구 거여1동,11710,40.88,보통,관찰 지역,51.87793427230047,39.97,51.87793427230047,74.29577464788733,36.61971830985916,16.19718309859155,16.431924882629108,12.3818,0.1776,1.4590909090909092,0.4684,6.99339766377386,12114.592558988355,15.0
1156063000,서울특별시 영등포구 신길1동,11560,40.8,보통,이력 관리,68.54460093896714,25.65,68.54460093896714,64.31924882629107,5.39906103286385,26.643192488262912,36.38497652582159,14.3258,0.1703,1.0708333333333333,0.554,7.373304557878492,18149.07932561863,26.0
1159065000,서울특별시 동작구 사당4동,11590,40.73,보통,잠재 위험,17.370892018779344,67.29,17.370892018779344,70.65727699530517,76.05633802816901,34.97652582159624,50.70422535211267,8.7255,0.1752,2.085714285714286,0.5743,7.629170188543615,13370.790363700871,11.666666666666666
1150059000,서울특별시 강서구 화곡본동,11500,40.64,보통,이력 관리,85.2112676056338,14.12,85.2112676056338,55.633802816901415,7.746478873239436,10.68075117370892,7.276995305164319,17.459,0.1632,1.0954887218045113,0.4572,6.686526559872699,28065.713025063684,49.0
1159052000,서울특별시 동작구 노량진2동,11590,40.64,보통,관찰 지역,54.460093896713616,39.22,54.460093896713616,47.417840375586856,45.305164319248824,34.97652582159624,37.08920187793427,12.6327,0.1584,1.553846153846154,0.5743,7.38577919579655,17415.078061299126,22.0
1129060000,서울특별시 성북구 안암동,11290,40.61,보통,관찰 지역,39.906103286384976,53.51,39.906103286384976,8.92018779342723,83.56807511737088,66.78403755868545,77.46478873239437,11.5893,0.1081,2.248314606741573,0.6333,8.079453019278386,25598.23884001092,29.666666666666668
1126054000,서울특별시 중랑구 면목4동,11260,40.21,보통,관찰 지역,47.88732394366197,41.17,47.88732394366197,85.68075117370893,10.328638497652582,54.5774647887324,0.4694835680751174,12.2865,0.1916,1.1540983606557378,0.5997,5.488746989595088,16820.687932478166,20.666666666666668
1121571000,서울특별시 광진구 화양동,11215,39.96,낮음,이력 관리,80.98591549295774,20.35,80.98591549295774,1.643192488262911,30.51643192488263,70.89201877934272,41.07981220657277,16.553,0.0779,1.3823232323232322,0.6359,7.454966297822275,40073.37182522744,66.33333333333333
1135071000,서울특별시 노원구 상계9동,11350,39.76,낮음,잠재 위험,4.929577464788732,77.55,4.929577464788732,77.34741784037558,81.92488262910797,74.88262910798123,0.9389671361502347,5.7087,0.1804,2.213793103448276,0.646,6.116627690061988,17517.009994832606,10.0
1111061500,서울특별시 종로구 종로1·2·3·4가동,11110,39.31,낮음,이력 관리,97.1830985915493,2.62,97.1830985915493,21.12676056338028,6.338028169014084,2.112676056338028,67.13615023474179,22.8016,0.129,1.0827956989247312,0.3906,7.844492354363227,60814.318296752186,138.66666666666666
1144066000,서울특별시 마포구 서교동,11440,39.3,낮음,이력 관리,89.67136150234741,11.29,89.67136150234741,1.1737089201877933,13.380281690140844,62.558685446009385,53.990610328638496,19.1083,0.0742,1.1980343980343982,0.6235,7.663427939684481,72219.99523757277,138.0
1138051000,서울특별시 은평구 녹번동,11380,39.25,낮음,관찰 지역,27.699530516431924,54.21,27.699530516431924,80.51643192488262,32.863849765258216,42.136150234741784,58.68544600938967,10.0888,0.1844,1.4042105263157896,0.5835,7.727564761001641,33370.442422698325,33.666666666666664
1174053000,서울특별시 강동구 명일1동,11740,39.12,낮음,잠재 위험,22.300469483568076,60.25,22.300469483568076,80.28169014084507,59.624413145539904,30.985915492957744,31.690140845070424,9.411,0.1842,1.7486486486486488,0.5642,7.273510665502994,26564.59564433224,25.0
1162069500,서울특별시 관악구 신림동,11620,38.72,낮음,이력 관리,91.54929577464789,9.04,91.54929577464789,7.042253521126761,16.431924882629108,46.478873239436616,38.732394366197184,19.9647,0.1023,1.2333333333333334,0.5979,7.40510098179291,28049.54341965976,56.0
1147063000,서울특별시 양천구 신정2동,11470,38.55,낮음,관찰 지역,30.28169014084507,54.68,30.28169014084507,29.929577464788732,64.55399061032864,58.56807511737089,95.30516431924883,10.4187,0.139,1.832558139534884,0.6145,9.013754077603263,13757.287120342067,14.333333333333334
1171058000,서울특별시 송파구 송파1동,11710,38.52,낮음,관찰 지역,54.694835680751176,39.53,54.694835680751176,22.769953051643192,86.15023474178403,16.19718309859155,20.187793427230048,12.6422,0.1301,2.3181818181818183,0.4684,7.082997744463825,29267.059570205605,37.0
1141056500,서울특별시 서대문구 충현동,11410,38.47,낮음,관찰 지역,36.38497652582159,50.33,36.38497652582159,16.901408450704224,52.58215962441315,84.38967136150235,99.76525821596243,11.0819,0.1231,1.6537190082644628,0.6647,10.949706441346242,40306.01384503275,44.66666666666666
1130560300,서울특별시 강북구 번2동,11305,38.31,낮음,관찰 지역,50.117370892018776,38.92,50.117370892018776,50.117370892018776,12.206572769953052,98.59154929577466,14.084507042253522,12.368500000000001,0.16005,1.18,0.7607,6.927894402188677,21332.169676937774,21.33333333333333
1165065200,서울특별시 서초구 양재2동,11650,37.91,낮음,이력 관리,65.96244131455398,27.1,65.96244131455398,10.56338028169014,60.798122065727696,6.220657276995305,81.92488262910797,13.8781,0.1106,1.7630872483221476,0.4541,8.182712014797131,37949.57669062045,52.66666666666666
1162072500,서울특별시 관악구 조원동,11620,37.82,낮음,관찰 지역,56.8075117370892,37.31,56.8075117370892,14.553990610328638,73.70892018779342,46.478873239436616,15.96244131455399,13.0369,0.1182,2.012844036697248,0.5979,6.989113055639219,27869.51732996725,36.333333333333336
1150056000,서울특별시 강서구 화곡3동,11500,37.78,낮음,관찰 지역,32.159624413145536,51.06,32.159624413145536,80.75117370892019,58.45070422535211,10.68075117370892,8.450704225352112,10.5348,0.1845,1.7338983050847456,0.4572,6.70845819165955,18668.34516044396,19.666666666666668
1168064000,서울특별시 강남구 역삼1동,11680,37.78,낮음,이력 관리,71.36150234741784,23.24,71.36150234741784,0.4694835680751174,53.755868544600936,21.948356807511736,82.62910798122066,14.895,0.0702,1.6740343347639486,0.5206,8.189027590394751,104733.01428008552,156.0
1168069000,서울특별시 강남구 개포4동,11680,37.76,낮음,이력 관리,79.34272300469483,13.0,79.34272300469483,31.92488262910798,3.051643192488263,21.948356807511736,76.05633802816901,16.2202,0.1402,1.0142857142857142,0.5206,8.016559356913378,16234.874714656113,26.33333333333333
1111058000,서울특별시 종로구 교남동,11110,37.67,낮음,관찰 지역,38.028169014084504,48.67,38.028169014084504,47.183098591549296,84.74178403755869,2.112676056338028,33.80281690140845,11.2657,0.1582,2.2840000000000003,0.3906,7.327850932039305,7397.103535607715,8.333333333333334
1144072000,서울특별시 마포구 성산1동,11440,37.49,낮음,관찰 지역,37.32394366197183,50.37,37.32394366197183,20.657276995305164,75.35211267605634,62.558685446009385,50.93896713615024,11.1548,0.1285,2.047887323943662,0.6235,7.630218513876136,21216.484890529475,23.666666666666668
1147054000,서울특별시 양천구 목4동,11470,37.42,낮음,관찰 지역,43.89671361502347,45.26,43.89671361502347,25.938967136150236,67.84037558685446,58.56807511737089,29.812206572769952,11.9979,0.1338,1.909375,0.6145,7.24823865000244,17780.84169724345,21.33333333333333
1159064000,서울특별시 동작구 사당3동,11590,37.4,낮음,잠재 위험,6.572769953051644,71.51,6.572769953051644,84.38967136150235,84.03755868544602,34.97652582159624,5.164319248826291,6.58,0.1889,2.2657894736842104,0.5743,6.591272165895441,19250.11283347889,12.666666666666666
1174056000,서울특별시 강동구 고덕2동,11740,37.39,낮음,잠재 위험,8.92018779342723,69.37,8.92018779342723,47.88732394366197,94.60093896713614,30.985915492957744,88.49765258215963,7.1708,0.1586,2.6955555555555555,0.5642,8.428931032524956,20918.10757072179,15.0
1114066500,서울특별시 중구 동화동,11140,37.25,낮음,관찰 지역,53.990610328638496,31.9,53.990610328638496,78.16901408450704,7.511737089201878,38.497652582159624,1.8779342723004695,12.5977,0.1819,1.094871794871795,0.5778,6.37348229871851,10319.342309061134,13.0
1162060500,서울특별시 관악구 은천동,11620,37.23,낮음,관찰 지역,56.10328638497653,31.16,56.10328638497653,57.981220657277,15.258215962441316,46.478873239436616,24.178403755868544,12.9181,0.1656,1.2222222222222223,0.5979,7.158745330334211,27867.89031624818,36.0
1156055000,서울특별시 영등포구 당산1동,11560,37.2,낮음,관찰 지역,57.27699530516433,33.85,57.27699530516433,27.699530516431924,61.267605633802816,26.643192488262912,28.169014084507044,13.0578,0.1349,1.7673684210526317,0.554,7.228677204643612,24251.10245242904,31.666666666666668
1135069500,서울특별시 노원구 상계6·7동,11350,37.09,낮음,잠재 위험,9.624413145539906,70.2,9.624413145539906,60.093896713615024,79.81220657276995,74.88262910798123,15.727699530516432,7.3003,0.1669,2.1465346534653467,0.646,6.986592865184012,46573.7072772107,34.0
1135072000,서울특별시 노원구 상계10동,11350,37.08,낮음,잠재 위험,8.685446009389672,72.07,8.685446009389672,54.22535211267606,91.54929577464789,74.88262910798123,8.685446009389672,7.0556,0.1628,2.492857142857143,0.646,6.712171979172737,13228.348074435951,9.333333333333334
1165060000,서울특별시 서초구 방배1동,11650,36.98,낮음,관찰 지역,47.652582159624416,41.53,47.652582159624416,36.971830985915496,83.33333333333334,6.220657276995305,14.788732394366196,12.2788,0.1464,2.247297297297297,0.4541,6.940411033329453,20088.88629003821,24.666666666666668
1168053100,서울특별시 강남구 논현2동,11680,36.65,낮음,이력 관리,77.93427230046949,16.01,77.93427230046949,4.225352112676056,38.967136150234744,21.948356807511736,69.01408450704226,15.9754,0.095,1.4793103448275862,0.5206,7.878095962998558,44651.9663463155,71.33333333333333
1129057500,서울특별시 성북구 동선동,11290,36.58,낮음,이력 관리,76.76056338028168,16.05,76.76056338028168,14.788732394366196,8.450704225352112,66.78403755868545,49.53051643192488,15.8253,0.1186,1.121551724137931,0.6333,7.603848528838284,24854.67147229804,39.333333333333336
1135062500,서울특별시 노원구 중계2·3동,11350,36.43,낮음,잠재 위험,11.737089201877934,61.46,11.737089201877934,85.44600938967136,22.417840375586852,74.88262910798123,64.7887323943662,7.5883,0.1899,1.2972222222222225,0.646,7.815812205929189,32067.042414546944,24.33333333333333
1165066000,서울특별시 서초구 내곡동,11650,36.39,낮음,관찰 지역,20.657276995305164,59.38,20.657276995305164,35.093896713615024,100.0,6.220657276995305,91.78403755868545,9.2224,0.1435,4.044927536231884,0.4541,8.603809119856024,24939.321029758008,23.0
1156060500,서울특별시 영등포구 문래동,11560,36.28,낮음,관찰 지역,45.305164319248824,38.78,45.305164319248824,26.408450704225352,53.286384976525824,26.643192488262912,96.24413145539906,12.1197,0.1339,1.6635714285714287,0.554,9.219743285968605,39329.84525012736,47.66666666666666
1114055000,서울특별시 중구 명동,11140,36.27,낮음,이력 관리,73.00469483568075,18.04,73.00469483568075,0.9389671361502347,28.4037558685446,38.497652582159624,99.06103286384976,15.1319,0.0731,1.3614906832298137,0.5778,9.768468651365255,35906.43353352438,54.333333333333336
1121584000,서울특별시 광진구 자양3동,11215,36.08,낮음,잠재 위험,14.084507042253522,64.1,14.084507042253522,33.80281690140845,76.29107981220658,70.89201877934272,84.03755868544602,7.9442,0.1418,2.085964912280702,0.6359,8.23338803843518,23916.718999445053,19.0
1159060500,서울특별시 동작구 흑석동,11590,35.66,낮음,관찰 지역,29.342723004694836,54.05,29.342723004694836,29.342723004694836,93.89671361502347,34.97652582159624,37.32394366197183,10.2807,0.1379,2.626470588235294,0.5743,7.387603151417168,33071.73378086791,34.0
1135057000,서울특별시 노원구 월계2동,11350,35.61,낮음,관찰 지역,14.553990610328638,58.04,14.553990610328638,97.41784037558685,12.910798122065728,74.88262910798123,31.455399061032864,8.1934,0.2198,1.1906976744186046,0.646,7.269316305768422,19527.938141557497,16.0
1114058000,서울특별시 중구 장충동,11140,35.44,낮음,이력 관리,70.89201877934272,17.47,70.89201877934272,9.15492957746479,19.483568075117372,38.497652582159624,97.41784037558685,14.7987,0.1082,1.271698113207547,0.5778,9.50019686437678,11937.947420724164,17.666666666666668
1156053500,서울특별시 영등포구 영등포동,11560,35.43,낮음,이력 관리,73.94366197183099,14.62,73.94366197183099,12.206572769953052,17.136150234741784,26.643192488262912,98.12206572769952,15.2551,0.1132,1.2394736842105265,0.554,9.595803690099453,51348.78656822234,78.33333333333333
1123073000,서울특별시 동대문구 휘경2동,11230,35.41,낮음,관찰 지역,39.201877934272304,40.44,39.201877934272304,41.54929577464789,10.093896713615024,87.67605633802818,84.27230046948357,11.4403,0.1524,1.1523076923076925,0.6955,8.263412545444512,19813.019673253275,22.666666666666668
1147062000,서울특별시 양천구 신정1동,11470,35.11,낮음,관찰 지역,46.948356807511736,35.28,46.948356807511736,28.638497652582164,28.87323943661972,58.56807511737089,84.74178403755869,12.2323,0.1369,1.3688524590163935,0.6145,8.278600139570756,16895.198604539666,20.666666666666668
1123056000,서울특별시 동대문구 전농1동,11230,34.98,낮음,관찰 지역,36.61971830985916,41.79,36.61971830985916,59.037558685446015,5.868544600938967,87.67605633802818,47.652582159624416,11.094,0.1661,1.075,0.6955,7.559389026656459,31248.205501055312,34.666666666666664
1144058500,서울특별시 마포구 도화동,11440,34.91,낮음,관찰 지역,53.52112676056338,29.16,53.52112676056338,41.901408450704224,8.215962441314554,62.558685446009385,58.45070422535211,12.5172,0.1525,1.1152542372881356,0.6235,7.726755409773202,16510.600007259825,20.666666666666668
1171061000,서울특별시 송파구 삼전동,11710,34.78,낮음,이력 관리,71.12676056338029,18.08,71.12676056338029,22.183098591549296,37.08920187793427,16.19718309859155,39.201877934272304,14.8941,0.1294,1.465079365079365,0.4684,7.408947988179746,29541.930494095708,44.0
1138065000,서울특별시 은평구 수색동,11380,34.76,낮음,이력 관리,65.25821596244131,22.19,65.25821596244131,39.906103286384976,21.5962441314554,42.136150234741784,9.15492957746479,13.82,0.1513,1.2936170212765956,0.5835,6.732629989058777,12301.046922671034,17.0
1174059000,서울특별시 강동구 암사3동,11740,34.59,낮음,관찰 지역,34.50704225352113,43.82,34.50704225352113,36.15023474178404,51.64319248826291,30.985915492957744,95.53990610328638,10.7656,0.1449,1.6444444444444444,0.5642,9.015069736576017,14552.535687236172,15.666666666666666
1135070000,서울특별시 노원구 상계8동,11350,34.4,낮음,잠재 위험,9.389671361502346,66.63,9.389671361502346,40.845070422535215,84.38967136150235,74.88262910798123,41.31455399061033,7.2553,0.1518,2.269230769230769,0.646,7.456482064357401,17917.84658955604,13.0
1129071500,서울특별시 성북구 월곡1동,11290,34.4,낮음,잠재 위험,12.676056338028168,60.39,12.676056338028168,51.99530516431925,53.52112676056338,66.78403755868545,81.45539906103286,7.7491,0.1607,1.6660714285714284,0.6333,8.175294256868922,24519.044510944324,19.0
1174051500,서울특별시 강동구 강일동,11740,34.29,낮음,잠재 위험,2.112676056338028,69.94,2.112676056338028,44.13145539906103,98.12206572769952,30.985915492957744,93.42723004694837,4.784,0.1546,3.067142857142857,0.5642,8.820016061309241,50166.89970117359,24.0
1147052000,서울특별시 양천구 목2동,11470,34.26,낮음,관찰 지역,30.751173708920188,50.73,30.751173708920188,40.140845070422536,72.76995305164318,58.56807511737089,2.3474178403755865,10.4473,0.1514,1.990277777777778,0.6145,6.389121472768335,22972.4306863992,24.0
1162056500,서울특별시 관악구 성현동,11620,34.25,낮음,관찰 지역,25.821596244131456,50.05,25.821596244131456,70.4225352112676,41.07981220657277,46.478873239436616,26.525821596244132,9.9181,0.1749,1.5059701492537314,0.5979,7.206250110854407,22517.847515784208,22.33333333333333
1153052000,서울특별시 구로구 구로1동,11530,34.19,낮음,관찰 지역,31.455399061032864,50.08,31.455399061032864,27.93427230046948,80.28169014084507,50.82159624413145,29.577464788732392,10.4963,0.1352,2.1538461538461537,0.5993,7.2436559237043925,16513.782375900653,17.333333333333332
1171062000,서울특별시 송파구 가락본동,11710,34.01,낮음,관찰 지역,46.71361502347418,34.9,46.71361502347418,25.46948356807512,57.27699530516433,16.19718309859155,78.40375586854461,12.2125,0.1336,1.7272058823529413,0.4684,8.089729608052512,37120.45797489992,45.333333333333336
1123072000,서울특별시 동대문구 휘경1동,11230,34.0,낮음,관찰 지역,42.25352112676056,39.77,42.25352112676056,32.159624413145536,34.74178403755869,87.67605633802818,26.056338028169012,11.8672,0.1404,1.4345454545454546,0.6955,7.1866848742960165,16853.215535789666,20.0
1171064600,서울특별시 송파구 장지동,11710,33.85,낮음,관찰 지역,18.07511737089202,57.8,18.07511737089202,35.093896713615024,95.07042253521126,16.19718309859155,77.69953051643192,8.8963,0.1435,2.7125,0.4684,8.079713344645118,32972.39020745997,29.33333333333333
1129068500,서울특별시 성북구 길음2동,11290,33.67,낮음,관찰 지역,18.544600938967136,55.37,18.544600938967136,58.45070422535211,47.183098591549296,66.78403755868545,44.835680751173705,9.0087,0.1658,1.5739130434782609,0.6333,7.519942664806062,18130.58290179221,16.333333333333332
1153079000,서울특별시 구로구 수궁동,11530,33.5,낮음,관찰 지역,45.07042253521127,34.74,45.07042253521127,59.624413145539904,23.474178403755868,50.82159624413145,6.807511737089202,12.0776,0.1663,1.3094594594594595,0.5993,6.673937311198619,22631.43286820415,27.33333333333333
1156062000,서울특별시 영등포구 양평2동,11560,33.39,낮음,이력 관리,73.47417840375586,14.53,73.47417840375586,5.39906103286385,35.2112676056338,26.643192488262912,57.981220657277,15.1934,0.0985,1.4447154471544714,0.554,7.723086054927368,27863.03904405932,42.333333333333336
1165062100,서울특별시 서초구 방배4동,11650,33.27,낮음,관찰 지역,19.483568075117372,54.61,19.483568075117372,40.49295774647887,86.3849765258216,6.220657276995305,86.15023474178403,9.0453,0.1515,2.323611111111111,0.4541,8.32658459173844,26533.261214374088,24.0
1174069000,서울특별시 강동구 둔촌1동,11740,33.14,낮음,잠재 위험,8.450704225352112,65.0,8.450704225352112,66.66666666666666,92.01877934272301,30.985915492957744,0.2347417840375587,7.0324,0.1718,2.5142857142857147,0.5642,5.268430732797837,4976.974860635008,3.5
1138062500,서울특별시 은평구 역촌동,11380,32.91,낮음,관찰 지역,30.046948356807512,41.79,30.046948356807512,68.54460093896714,14.788732394366196,42.136150234741784,74.17840375586854,10.3979,0.1731,1.209322033898305,0.5835,7.989324160505632,41354.6662992904,43.0
1168063000,서울특별시 강남구 대치4동,11680,32.88,낮음,이력 관리,61.737089201877936,23.57,61.737089201877936,1.4084507042253522,57.51173708920187,21.948356807511736,68.54460093896714,13.4649,0.0744,1.731875,0.5206,7.872324212268598,39609.06265113719,53.333333333333336
1150062000,서울특별시 강서구 공항동,11500,32.88,낮음,관찰 지역,34.037558685446015,46.08,34.037558685446015,16.431924882629108,98.82629107981221,10.68075117370892,56.33802816901409,10.7169,0.1229,3.28411214953271,0.4572,7.696740097618429,33902.75301526565,36.333333333333336
1174066000,서울특별시 강동구 성내3동,11740,32.88,낮음,관찰 지역,41.07981220657277,36.75,41.07981220657277,57.159624413145536,36.85446009389671,30.985915492957744,22.769953051643192,11.7679,0.1648,1.4610526315789474,0.5642,7.125291300714049,26909.40712116085,31.666666666666668
1174068500,서울특별시 강동구 길동,11740,32.74,낮음,관찰 지역,33.80281690140845,39.56,33.80281690140845,84.74178403755869,16.19718309859155,30.985915492957744,18.779342723004692,10.7037,0.1892,1.2290909090909092,0.5642,7.046050857316134,55432.44200322052,59.333333333333336
1121581000,서울특별시 광진구 광장동,11215,32.72,낮음,잠재 위험,9.859154929577464,63.83,9.859154929577464,14.319248826291082,93.1924882629108,70.89201877934272,91.07981220657277,7.3107,0.1177,2.578205128205128,0.6359,8.548871285386538,35564.514818276926,26.0
1168075000,서울특별시 강남구 수서동,11680,32.67,낮음,잠재 위험,6.338028169014084,60.05,6.338028169014084,96.0093896713615,44.835680751173705,21.948356807511736,45.07042253521127,6.4806,0.2133,1.5466666666666666,0.5206,7.52122773970827,23146.060091621177,15.0
1120057000,서울특별시 성동구 행당2동,11200,32.58,낮음,잠재 위험,2.5821596244131455,66.87,2.5821596244131455,59.859154929577464,55.39906103286385,95.07042253521126,37.558685446009385,4.9333,0.1664,1.707142857142857,0.75,7.388108392880297,18918.9002334607,9.333333333333334
1150053500,서울특별시 강서구 등촌3동,11500,32.48,낮음,관찰 지역,15.023474178403756,55.06,15.023474178403756,77.69953051643192,61.03286384976526,10.68075117370892,38.967136150234744,8.3356,0.1814,1.76734693877551,0.4572,7.408770562095874,39189.47567228894,32.666666666666664
1168067000,서울특별시 강남구 개포2동,11680,32.27,낮음,잠재 위험,4.460093896713615,65.4,4.460093896713615,51.99530516431925,95.30516431924883,21.948356807511736,61.03286384976526,5.5197,0.1607,2.720833333333333,0.5206,7.758484221260041,28987.261837991267,16.0
1121585000,서울특별시 광진구 구의1동,11215,32.27,낮음,관찰 지역,55.39906103286385,25.72,55.39906103286385,19.014084507042252,19.718309859154928,70.89201877934272,56.8075117370892,12.7231,0.1254,1.276470588235294,0.6359,7.699971117648935,24103.10804341339,30.666666666666668
1144060000,서울특별시 마포구 대흥동,11440,32.14,낮음,관찰 지역,56.33802816901409,24.32,56.33802816901409,6.572769953051644,23.708920187793428,62.558685446009385,92.95774647887323,12.9903,0.1016,1.3111111111111111,0.6235,8.796299890553163,23094.21755795124,30.0
1111060000,서울특별시 종로구 가회동,11110,31.97,낮음,이력 관리,84.97652582159625,3.38,84.97652582159625,23.708920187793428,23.239436619718308,2.112676056338028,4.460093896713615,17.2709,0.1313,1.3088235294117647,0.3906,6.571988056937628,6755.103400309316,11.666666666666666
1135061900,서울특별시 노원구 중계본동,11350,31.81,낮음,관찰 지역,19.014084507042252,55.43,19.014084507042252,8.685446009389672,80.98591549295774,74.88262910798123,84.97652582159625,9.0354,0.1065,2.1785714285714284,0.646,8.290088414968453,20659.47681847668,18.666666666666668
1121573000,서울특별시 광진구 군자동,11215,31.56,낮음,이력 관리,64.31924882629107,18.88,64.31924882629107,10.328638497652582,19.014084507042252,70.89201877934272,40.375586854460096,13.7596,0.1101,1.266279069767442,0.6359,7.445950176465487,21318.41127562773,29.33333333333333
1135061100,서울특별시 노원구 하계1동,11350,31.18,낮음,관찰 지역,25.11737089201878,43.58,25.11737089201878,73.23943661971832,3.5211267605633805,74.88262910798123,44.60093896713615,9.8243,0.1767,1.036764705882353,0.646,7.518973775398237,25107.853067913027,24.666666666666668
1126069000,서울특별시 중랑구 신내2동,11260,31.18,낮음,관찰 지역,23.004694835680752,43.98,23.004694835680752,89.2018779342723,1.4084507042253522,54.5774647887324,39.671361502347416,9.5138,0.1994,0.9723404255319148,0.5997,7.421471061834495,17518.435489283114,16.666666666666668
1150060300,서울특별시 강서구 가양1동,11500,31.13,낮음,관찰 지역,40.61032863849765,38.7,40.61032863849765,3.5211267605633805,94.83568075117371,10.68075117370892,62.20657276995305,11.694,0.0927,2.7040935672514617,0.4572,7.778249980480923,48742.907279594256,57.0
1120052000,서울특별시 성동구 왕십리2동,11200,31.11,낮음,관찰 지역,25.352112676056336,46.1,25.352112676056336,40.49295774647887,25.586854460093893,95.07042253521126,59.859154929577464,9.8619,0.1515,1.335714285714286,0.75,7.744616883020083,14534.09111074418,14.333333333333334
1129061000,서울특별시 성북구 보문동,11290,30.97,낮음,관찰 지역,38.497652582159624,36.39,38.497652582159624,52.347417840375584,23.943661971830984,66.78403755868545,10.56338028169014,11.3691,0.161,1.312962962962963,0.6333,6.785785861064079,15832.443631040756,18.0
1168070000,서울특별시 강남구 세곡동,11680,30.51,낮음,관찰 지역,13.380281690140844,54.94,13.380281690140844,35.68075117370892,80.75117370892019,21.948356807511736,93.66197183098592,7.8576,0.1443,2.176190476190476,0.5206,8.837284892368764,45815.69502325328,36.0
1129059000,서울특별시 성북구 돈암2동,11290,30.5,낮음,관찰 지역,6.103286384976526,59.98,6.103286384976526,51.525821596244135,57.04225352112676,66.78403755868545,67.84037558685446,6.3574,0.1602,1.7222222222222223,0.6333,7.863689711460844,14156.80817250728,9.0
1153078000,서울특별시 구로구 오류2동,11530,30.49,낮음,관찰 지역,5.868544600938967,59.78,5.868544600938967,44.36619718309859,65.25821596244131,50.82159624413145,94.60093896713614,6.3019,0.1547,1.8333333333333333,0.5993,8.88242395497523,50778.61916205422,32.0
1138058000,서울특별시 은평구 응암1동,11380,30.16,낮음,관찰 지역,23.239436619718308,44.01,23.239436619718308,47.652582159624416,33.568075117370896,42.136150234741784,97.65258215962442,9.5536,0.1585,1.4106060606060604,0.5835,9.50909298153014,23725.89768798217,22.666666666666668
1138059000,서울특별시 은평구 응암2동,11380,29.99,낮음,관찰 지역,26.291079812206576,47.14,26.291079812206576,38.028169014084504,74.64788732394366,42.136150234741784,10.093896713615024,9.9905,0.1476,2.027083333333333,0.5835,6.772990633216276,16015.274069168488,16.0
1144074000,서울특별시 마포구 상암동,11440,29.88,낮음,관찰 지역,18.779342723004692,52.13,18.779342723004692,6.103286384976526,80.51643192488262,62.558685446009385,96.47887323943662,9.0281,0.0994,2.1703125,0.6235,9.27383217011719,48367.47423058588,43.66666666666666
1159066000,서울특별시 동작구 대방동,11590,29.86,낮음,관찰 지역,19.248826291079812,49.9,19.248826291079812,37.32394366197183,68.7793427230047,34.97652582159624,67.37089201877934,9.0421,0.1474,1.9384615384615385,0.5743,7.846174362929293,40182.49084142104,36.333333333333336
1159054000,서울특별시 동작구 상도2동,11590,29.44,낮음,관찰 지역,23.943661971830984,46.36,23.943661971830984,46.948356807511736,63.84976525821596,34.97652582159624,25.352112676056336,9.6078,0.1576,1.8229508196721311,0.5743,7.177555768375116,21163.37919292213,20.33333333333333
1171064100,서울특별시 송파구 문정1동,11710,29.32,낮음,관찰 지역,28.4037558685446,45.23,28.4037558685446,33.33333333333333,90.84507042253522,16.19718309859155,7.981220657276995,10.1751,0.1416,2.4603174603174605,0.4684,6.704878448088079,20638.69756047125,21.0
1165054000,서울특별시 서초구 잠원동,11650,29.22,낮음,관찰 지역,27.93427230046948,44.65,27.93427230046948,12.206572769953052,98.35680751173709,6.220657276995305,71.36150234741784,10.098,0.1132,3.1316326530612244,0.4541,7.935183471156877,32349.752668513465,32.666666666666664
1150051000,서울특별시 강서구 염창동,11500,29.08,낮음,관찰 지역,40.845070422535215,32.64,40.845070422535215,13.849765258215962,66.66666666666666,10.68075117370892,80.98591549295774,11.7453,0.1166,1.8786407766990287,0.4572,8.154348604962895,30366.73511988719,35.666666666666664
1147064000,서울특별시 양천구 신정3동,11470,29.0,낮음,관찰 지역,17.136150234741784,49.55,17.136150234741784,55.04694835680751,46.244131455399064,58.56807511737089,34.50704225352113,8.686,0.163,1.56734693877551,0.6145,7.354722877293567,41062.23792291667,35.666666666666664
1150063000,서울특별시 강서구 방화1동,11500,29.0,낮음,관찰 지역,39.671361502347416,33.47,39.671361502347416,41.31455399061033,57.863849765258216,10.68075117370892,21.5962441314554,11.5313,0.1523,1.7333333333333334,0.4572,7.103886410388382,33242.86333125,38.333333333333336
1138056000,서울특별시 은평구 구산동,11380,28.99,낮음,관찰 지역,21.36150234741784,43.05,21.36150234741784,83.45070422535211,15.492957746478872,42.136150234741784,28.638497652582164,9.3387,0.1876,1.2227272727272729,0.5835,7.234364949978937,24985.566268759096,23.33333333333333
1150052000,서울특별시 강서구 등촌1동,11500,28.88,낮음,이력 관리,80.04694835680752,0.0,80.04694835680752,23.004694835680752,0.9389671361502347,10.68075117370892,43.42723004694836,16.336,0.1307,0.9536082474226804,0.4572,7.4927404041864385,22241.202547188863,36.333333333333336
1129055500,서울특별시 성북구 삼선동,11290,28.81,낮음,관찰 지역,52.112676056338024,23.98,52.112676056338024,26.877934272300468,22.887323943661972,66.78403755868545,13.849765258215962,12.4015,0.1345,1.3045454545454545,0.6333,6.926418417933861,25803.27245561317,32.0
1171072000,서울특별시 송파구 잠실7동,11710,28.78,낮음,잠재 위험,0.9389671361502347,60.31,0.9389671361502347,94.36619718309859,61.502347417840376,16.19718309859155,5.868544600938967,4.3421,0.2087,1.7692307692307692,0.4684,6.596292677864953,9979.880373471617,4.333333333333333
1171052000,서울특별시 송파구 풍납2동,11710,28.65,낮음,관찰 지역,7.511737089201878,57.96,7.511737089201878,53.63849765258216,89.67136150234741,16.19718309859155,32.863849765258216,6.8646,0.1624,2.4162162162162164,0.4684,7.288049088519504,35933.32599102984,24.666666666666668
1171056100,서울특별시 송파구 방이1동,11710,28.38,낮음,관찰 지역,25.586854460093893,45.41,25.586854460093893,36.38497652582159,87.08920187793427,16.19718309859155,11.737089201877934,9.8726,0.1456,2.332692307692308,0.4684,6.8566150829222865,17557.038882268924,17.333333333333332
1130557500,서울특별시 강북구 삼각산동,11305,28.24,낮음,관찰 지역,16.431924882629108,45.62,16.431924882629108,52.58215962441315,2.5821596244131455,98.59154929577466,87.55868544600939,8.6066,0.1612,0.997560975609756,0.7607,8.406955303617101,20914.261374545124,18.0
1129058000,서울특별시 성북구 돈암1동,11290,28.24,낮음,관찰 지역,4.694835680751173,55.49,4.694835680751173,93.66197183098592,22.887323943661972,66.78403755868545,7.511737089201878,5.6975,0.2066,1.3045454545454545,0.6333,6.691686641339889,12871.115863400655,7.333333333333333
1129070500,서울특별시 성북구 종암동,11290,27.57,낮음,관찰 지역,24.178403755868544,40.55,24.178403755868544,54.22535211267606,21.12676056338028,66.78403755868545,43.89671361502347,9.6343,0.1628,1.2844660194174755,0.6333,7.50289302599285,38404.497028193226,37.0
1147067000,서울특별시 양천구 신정6동,11470,27.56,낮음,잠재 위험,1.643192488262911,60.41,1.643192488262911,28.87323943661972,79.5774647887324,58.56807511737089,87.79342723004694,4.7058,0.1373,2.142857142857143,0.6145,8.417216009045356,19833.740795151018,9.333333333333334
1138069000,서울특별시 은평구 진관동,11380,27.11,낮음,관찰 지역,5.164319248826291,57.06,5.164319248826291,43.66197183098591,77.46478873239437,42.136150234741784,52.112676056338024,5.7291,0.1536,2.090816326530612,0.5835,7.639825509350406,59346.46403803676,34.0
1150060500,서울특별시 강서구 가양3동,11500,27.03,낮음,관찰 지역,34.27230046948357,29.55,34.27230046948357,89.43661971830986,5.633802816901409,10.68075117370892,7.746478873239436,10.7483,0.1995,1.0742857142857145,0.4572,6.702779031623376,11164.589147965717,12.0
1144073000,서울특별시 마포구 성산2동,11440,27.0,낮음,관찰 지역,37.79342723004695,30.99,37.79342723004695,34.50704225352113,26.291079812206576,62.558685446009385,34.27230046948357,11.2377,0.1433,1.3398230088495575,0.6235,7.345587063815791,35297.73804084789,39.66666666666666
1159051000,서울특별시 동작구 노량진1동,11590,26.87,낮음,이력 관리,60.328638497652584,14.77,60.328638497652584,20.89201877934272,27.93427230046948,34.97652582159624,14.319248826291082,13.3823,0.1286,1.3558823529411763,0.5743,6.928125696373467,35370.00496595706,47.333333333333336
1174058000,서울특별시 강동구 암사2동,11740,26.71,낮음,관찰 지역,23.474178403755868,38.71,23.474178403755868,46.478873239436616,33.33333333333333,30.985915492957744,86.61971830985915,9.5559,0.157,1.4105263157894736,0.5642,8.34724279527728,14650.6028488901,14.0
1165051000,서울특별시 서초구 서초1동,11650,26.25,낮음,관찰 지역,28.169014084507044,37.85,28.169014084507044,24.647887323943664,72.30046948356808,6.220657276995305,69.95305164319248,10.1011,0.1327,1.9864583333333328,0.4541,7.902304376956083,31679.67913289665,32.0
1144065500,서울특별시 마포구 서강동,11440,26.2,낮음,이력 관리,63.14553990610329,11.68,63.14553990610329,11.032863849765258,13.849765258215962,62.558685446009385,20.657276995305164,13.6348,0.111,1.1990476190476191,0.6235,7.094562374722924,27136.42342051492,37.0
1171064200,서울특별시 송파구 문정2동,11710,26.2,낮음,관찰 지역,33.33333333333333,36.27,33.33333333333333,6.807511737089202,85.68075117370893,16.19718309859155,54.22535211267606,10.6735,0.102,2.3029629629629627,0.4684,7.674937188847981,42160.59860149199,45.0
1159065100,서울특별시 동작구 사당5동,11590,26.13,낮음,관찰 지역,29.812206572769952,35.65,29.812206572769952,56.33802816901409,38.497652582159624,34.97652582159624,3.9906103286384975,10.3372,0.1642,1.478125,0.5743,6.518150219239531,10963.656239501455,11.333333333333334
1171053200,서울특별시 송파구 거여2동,11710,26.06,낮음,관찰 지역,30.985915492957744,30.89,30.985915492957744,81.45539906103286,9.859154929577464,16.19718309859155,19.483568075117372,10.4594,0.1862,1.1452830188679246,0.4684,7.061680369456256,17209.451604321326,18.0
1153056000,서울특별시 구로구 구로5동,11530,25.99,낮음,관찰 지역,37.08920187793427,32.14,37.08920187793427,29.577464788732392,48.35680751173709,50.82159624413145,6.103286384976526,11.1217,0.1389,1.5827272727272728,0.5993,6.611041391765199,32968.492714101165,36.66666666666666
1141071000,서울특별시 서대문구 북가좌1동,11410,25.98,낮음,관찰 지역,22.535211267605636,41.4,22.535211267605636,53.286384976525824,25.821596244131456,84.38967136150235,1.643192488262911,9.4126,0.1619,1.3375,0.6647,6.369303480370649,14165.389575209245,13.333333333333334
1135061200,서울특별시 노원구 하계2동,11350,25.56,낮음,관찰 지역,11.971830985915492,46.88,11.971830985915492,62.676056338028175,24.178403755868544,74.88262910798123,33.098591549295776,7.6503,0.1686,1.318421052631579,0.646,7.29001000878108,16557.09030708697,12.666666666666666
1123060000,서울특별시 동대문구 답십리1동,11230,25.4,낮음,관찰 지역,12.44131455399061,45.87,12.44131455399061,42.95774647887324,21.36150234741784,87.67605633802818,79.10798122065728,7.7252,0.153,1.2884615384615383,0.6955,8.106706404850739,22437.41779495997,17.333333333333332
1126068000,서울특별시 중랑구 신내1동,11260,24.79,낮음,관찰 지역,17.6056338028169,42.95,17.6056338028169,60.68075117370893,38.26291079812207,54.5774647887324,3.051643192488263,8.7931,0.1671,1.475,0.5997,6.404926270725741,34117.48501199054,30.0
1111053000,서울특별시 종로구 사직동,11110,24.38,낮음,이력 관리,70.18779342723005,3.04,70.18779342723005,17.370892018779344,26.525821596244132,2.112676056338028,12.676056338028168,14.6294,0.1233,1.341121495327103,0.3906,6.881299294382986,24380.171084916303,35.666666666666664
1174064000,서울특별시 강동구 성내1동,11740,24.13,낮음,관찰 지역,41.54929577464789,20.64,41.54929577464789,58.21596244131455,0.7042253521126761,30.985915492957744,29.342723004694836,11.7884,0.1657,0.943939393939394,0.5642,7.242082359256962,24035.003233942865,28.33333333333333
1129062000,서울특별시 성북구 정릉1동,11290,23.78,낮음,관찰 지역,10.093896713615024,44.21,10.093896713615024,60.328638497652584,17.6056338028169,66.78403755868545,61.267605633802816,7.3466,0.167,1.2464285714285714,0.6333,7.763358887086651,14065.53738746361,10.333333333333334
1153054000,서울특별시 구로구 구로3동,11530,23.59,낮음,이력 관리,62.441314553990615,6.9,62.441314553990615,2.5821596244131455,8.685446009389672,50.82159624413145,57.27699530516433,13.5692,0.0895,1.1244897959183675,0.5993,7.719854124254766,40532.88013390648,55.0
1174054000,서울특별시 강동구 명일2동,11740,23.49,낮음,관찰 지역,16.666666666666664,39.35,16.666666666666664,56.8075117370892,33.098591549295776,30.985915492957744,55.86854460093896,8.641,0.1647,1.4095238095238096,0.5642,7.691798872589087,16201.897632741991,14.0
1150059300,서울특별시 강서구 화곡8동,11500,22.78,낮음,관찰 지역,26.76056338028169,33.96,26.76056338028169,46.244131455399064,58.920187793427225,10.68075117370892,4.225352112676056,10.0448,0.1565,1.7439560439560438,0.4572,6.567220062784432,30529.98873958333,30.666666666666668
1121587000,서울특별시 광진구 구의3동,11215,22.72,낮음,관찰 지역,15.727699530516432,44.08,15.727699530516432,23.943661971830984,62.441314553990615,70.89201877934272,22.535211267605636,8.4837,0.1322,1.796153846153846,0.6359,7.124736673268603,30647.01734836245,26.0
1111065000,서울특별시 종로구 혜화동,11110,22.71,낮음,이력 관리,70.65727699530517,0.29,70.65727699530517,7.981220657276995,27.230046948356808,2.112676056338028,23.239436619718308,14.7839,0.105,1.3536764705882351,0.3906,7.135579288414772,30889.457359597887,45.66666666666666
1135060000,서울특별시 노원구 공릉2동,11350,22.63,낮음,관찰 지역,16.19718309859155,42.08,16.19718309859155,23.474178403755868,49.06103286384976,74.88262910798123,48.59154929577465,8.5574,0.1311,1.6026315789473684,0.646,7.574282028364539,44405.83573444324,38.0
1168065600,서울특별시 강남구 도곡2동,11680,22.57,낮음,관찰 지역,7.042253521126761,47.6,7.042253521126761,27.464788732394368,74.29577464788733,21.948356807511736,92.01877934272301,6.7259,0.1348,2.025,0.5206,8.613319776687648,29735.736960098253,20.0
1159053000,서울특별시 동작구 상도1동,11590,22.44,낮음,관찰 지역,20.89201877934272,38.08,20.89201877934272,42.72300469483568,55.16431924882629,34.97652582159624,10.7981220657277,9.2794,0.1528,1.7059322033898303,0.5743,6.7895435800342,44183.68962699236,41.0
1165056000,서울특별시 서초구 반포1동,11650,22.37,낮음,관찰 지역,32.863849765258216,31.7,32.863849765258216,6.338028169014084,90.14084507042254,6.220657276995305,27.230046948356808,10.6037,0.1003,2.431372549019608,0.4541,7.217318837492771,32378.783705140104,34.333333333333336
1165058000,서울특별시 서초구 반포3동,11650,22.3,낮음,관찰 지역,11.032863849765258,46.87,11.032863849765258,30.868544600938968,95.53990610328638,6.220657276995305,31.92488262910798,7.4447,0.1393,2.7370370370370374,0.4541,7.273738490406284,24626.15734282205,18.33333333333333
1165065100,서울특별시 서초구 양재1동,11650,22.28,낮음,관찰 지역,15.258215962441316,44.14,15.258215962441316,22.535211267605636,97.65258215962442,6.220657276995305,34.037558685446015,8.4145,0.1297,3.0007407407407407,0.4541,7.332819337303949,53479.37225641375,45.0
1120056000,서울특별시 성동구 행당1동,11200,22.23,낮음,관찰 지역,38.967136150234744,24.61,38.967136150234744,17.6056338028169,18.30985915492958,95.07042253521126,10.328638497652582,11.384,0.1234,1.2529411764705882,0.75,6.781595913467453,21960.699960598617,25.0
1114052000,서울특별시 중구 소공동,11140,21.94,낮음,관찰 지역,34.74178403755869,26.22,34.74178403755869,0.7042253521126761,48.59154929577465,38.497652582159624,88.26291079812206,10.7873,0.0709,1.589010989010989,0.5778,8.427298745546848,28119.38214141193,30.33333333333333
1159068000,서울특별시 동작구 신대방2동,11590,21.73,낮음,관찰 지역,22.065727699530516,33.02,22.065727699530516,45.539906103286384,29.107981220657276,34.97652582159624,55.633802816901415,9.4027,0.1557,1.3692307692307693,0.5743,7.691779009698759,24106.56096040757,22.666666666666668
1144056500,서울특별시 마포구 공덕동,11440,21.6,낮음,관찰 지역,33.098591549295776,24.76,33.098591549295776,28.4037558685446,11.502347417840376,62.558685446009385,62.441314553990615,10.6089,0.1366,1.1669642857142857,0.6235,7.778390927182333,38646.720583833696,41.0
1171069000,서울특별시 송파구 잠실4동,11710,21.37,낮음,관찰 지역,0.2347417840375587,53.1,0.2347417840375587,30.399061032863848,96.71361502347418,16.19718309859155,54.460093896713616,2.973,0.1391,2.911111111111111,0.4684,7.675457610607974,20181.715677256187,6.0
1168072000,서울특별시 강남구 일원본동,11680,21.28,낮음,관찰 지역,3.051643192488263,45.43,3.051643192488263,73.70892018779342,35.44600938967136,21.948356807511736,50.46948356807511,4.9895,0.1774,1.4485714285714286,0.5206,7.625558486097339,24718.475383660847,12.333333333333334
1162059500,서울특별시 관악구 청룡동,11620,20.14,낮음,관찰 지역,31.92488262910798,25.72,31.92488262910798,19.953051643192488,37.558685446009385,46.478873239436616,39.906103286384976,10.527,0.127,1.4677685950413222,0.5979,7.422139363908604,38630.95023064956,40.66666666666666
1165053100,서울특별시 서초구 서초4동,11650,20.08,낮음,관찰 지역,17.84037558685446,36.92,17.84037558685446,7.511737089201878,82.15962441314554,6.220657276995305,88.73239436619718,8.8849,0.1033,2.220754716981132,0.4541,8.438412371593007,41268.4055885917,36.66666666666666
1165057000,서울특별시 서초구 반포2동,11650,19.71,매우낮음,관찰 지역,2.3474178403755865,48.65,2.3474178403755865,16.19718309859155,99.06103286384976,6.220657276995305,83.80281690140845,4.9169,0.1216,3.3125,0.4541,8.22870159598683,17626.17588595342,8.666666666666666
1168065500,서울특별시 강남구 도곡1동,11680,19.31,매우낮음,관찰 지역,4.225352112676056,44.95,4.225352112676056,31.338028169014088,70.65727699530517,21.948356807511736,72.06572769953051,5.3845,0.1395,1.9649122807017545,0.5206,7.960114183132784,35286.71084738901,19.0
1171059000,서울특별시 송파구 송파2동,11710,19.03,매우낮음,관찰 지역,15.96244131455399,37.07,15.96244131455399,42.25352112676056,66.43192488262912,16.19718309859155,3.286384976525822,8.5387,0.1526,1.876086956521739,0.4684,6.434153346867968,17957.4426165393,15.333333333333334
1156068000,서울특별시 영등포구 신길6동,11560,18.5,매우낮음,관찰 지역,20.187793427230048,29.78,20.187793427230048,35.91549295774648,34.27230046948357,26.643192488262912,64.55399061032864,9.1895,0.1444,1.4214285714285713,0.554,7.806185767097668,20313.144230422124,18.666666666666668
1123074000,서울특별시 동대문구 이문1동,11230,17.93,매우낮음,관찰 지역,26.056338028169012,28.76,26.056338028169012,11.737089201877934,36.15023474178404,87.67605633802818,13.145539906103288,9.9532,0.1127,1.4541666666666666,0.6955,6.901856335428299,24447.81622449054,24.33333333333333
1174055000,서울특별시 강동구 고덕1동,11740,17.5,매우낮음,관찰 지역,10.7981220657277,37.75,10.7981220657277,18.30985915492958,64.08450704225352,30.985915492957744,70.65727699530517,7.3803,0.1241,1.8285714285714283,0.5642,7.923023439268161,24840.775157851163,18.33333333333333
1144061000,서울특별시 마포구 염리동,11440,17.49,매우낮음,관찰 지역,10.56338028169014,38.52,10.56338028169014,14.084507042253522,54.460093896713616,62.558685446009385,61.502347417840376,7.3733,0.117,1.68,0.6235,7.767263996757308,15822.81942121543,11.666666666666666
1144059000,서울특별시 마포구 용강동,11440,17.45,매우낮음,관찰 지역,21.5962441314554,25.53,21.5962441314554,26.408450704225352,4.694835680751173,62.558685446009385,98.82629107981221,9.3885,0.1339,1.0592592592592591,0.6235,9.73489361777977,26983.24340280204,25.33333333333333
1120053500,서울특별시 성동구 왕십리도선동,11200,17.38,매우낮음,관찰 지역,19.953051643192488,30.53,19.953051643192488,24.88262910798122,18.544600938967136,95.07042253521126,26.76056338028169,9.1673,0.1328,1.257746478873239,0.75,7.210444658289826,29088.81168804585,26.666666666666668
1150061100,서울특별시 강서구 발산1동,11500,17.1,매우낮음,관찰 지역,26.995305164319248,23.93,26.995305164319248,18.544600938967136,48.82629107981221,10.68075117370892,64.08450704225352,10.0508,0.1244,1.5892156862745097,0.4572,7.800015123721774,34822.930178729985,35.0
1168058000,서울특별시 강남구 삼성1동,11680,16.56,매우낮음,관찰 지역,39.436619718309856,13.32,39.436619718309856,1.8779342723004695,32.159624413145536,21.948356807511736,81.69014084507043,11.4995,0.0811,1.3992248062015504,0.5206,8.177738093217261,39421.93147239811,45.333333333333336
1123071000,서울특별시 동대문구 회기동,11230,16.44,매우낮음,관찰 지역,22.769953051643192,25.47,22.769953051643192,16.666666666666664,9.624413145539906,87.67605633802818,65.02347417840375,9.4691,0.123,1.1448275862068966,0.6955,7.819188329765483,20417.245588073147,19.33333333333333
1165053000,서울특별시 서초구 서초3동,11650,16.27,매우낮음,관찰 지역,24.88262910798122,27.54,24.88262910798122,11.502347417840376,77.93427230046949,6.220657276995305,21.830985915492956,9.8023,0.1124,2.099465240641712,0.4541,7.10889944634639,63930.75533474345,62.66666666666666
1111064000,서울특별시 종로구 이화동,11110,15.89,매우낮음,관찰 지역,43.66197183098591,6.86,43.66197183098591,20.187793427230048,13.145539906103288,2.112676056338028,77.23004694835682,11.964,0.1271,1.1974683544303797,0.3906,8.07700752140286,23960.691169241265,28.666666666666668
1117062500,서울특별시 용산구 한강로동,11170,15.52,매우낮음,관찰 지역,31.220657276995308,20.63,31.220657276995308,5.164319248826291,22.417840375586852,91.19718309859155,18.544600938967136,10.4873,0.0974,1.2972222222222225,0.7379,7.040718113781872,49583.57488022198,52.0
1121578000,서울특별시 광진구 능동,11215,15.47,매우낮음,관찰 지역,24.413145539906104,22.87,24.413145539906104,19.248826291079812,14.084507042253522,70.89201877934272,55.16431924882629,9.6608,0.126,1.2048780487804878,0.6359,7.684920886945801,15181.689166175402,14.666666666666666
1168061000,서울특별시 강남구 대치2동,11680,15.22,매우낮음,관찰 지역,15.492957746478872,30.11,15.492957746478872,8.215962441314554,58.21596244131455,21.948356807511736,89.43661971830986,8.4784,0.1053,1.7338709677419355,0.5206,8.462420984406467,49537.61308098617,42.0
1168060000,서울특별시 강남구 대치1동,11680,14.69,매우낮음,관찰 지역,5.39906103286385,39.96,5.39906103286385,4.929577464788732,91.07981220657277,21.948356807511736,57.04225352112676,5.9778,0.097,2.4745098039215687,0.5206,7.707389613032369,28996.301204175765,17.333333333333332
1111051500,서울특별시 종로구 청운효자동,11110,14.1,매우낮음,관찰 지역,44.835680751173705,3.87,44.835680751173705,36.61971830985916,6.572769953051644,2.112676056338028,21.12676056338028,12.0773,0.1462,1.0833333333333333,0.3906,7.098845966621473,17111.950668905847,20.666666666666668
1129066000,서울특별시 성북구 길음1동,11290,14.08,매우낮음,관찰 지역,1.4084507042253522,37.39,1.4084507042253522,27.230046948356808,29.812206572769952,66.78403755868545,85.2112676056338,4.6027,0.1346,1.375,0.6333,8.304437803500763,35486.48089476892,16.333333333333332
1171064700,서울특별시 송파구 위례동,11710,14.07,매우낮음,관찰 지역,0.4694835680751174,42.71,0.4694835680751174,2.8169014084507045,98.59154929577466,16.19718309859155,69.48356807511738,3.8008,0.0902,3.1816326530612247,0.4684,7.886204297636116,42972.95809767104,16.333333333333332
1153051000,서울특별시 구로구 신도림동,11530,13.78,매우낮음,관찰 지역,28.87323943661972,15.42,28.87323943661972,19.483568075117372,4.929577464788732,50.82159624413145,72.76995305164318,10.2243,0.1261,1.0638297872340423,0.5993,7.9684448054448715,33254.114388591704,34.0
1171071000,서울특별시 송파구 잠실6동,11710,13.75,매우낮음,관찰 지역,1.1737089201877933,40.96,1.1737089201877933,15.023474178403756,87.32394366197182,16.19718309859155,53.52112676056338,4.584,0.1191,2.344642857142857,0.4684,7.65997852503763,40721.40901150837,18.666666666666668
1120059000,서울특별시 성동구 금호1가동,11200,12.3,매우낮음,관찰 지역,1.8779342723004695,34.45,1.8779342723004695,56.10328638497653,1.643192488262911,95.07042253521126,4.929577464788732,4.7151,0.1637,0.9823529411764704,0.75,6.582313647593365,14845.85357933952,7.0
1144055500,서울특별시 마포구 아현동,11440,12.0,매우낮음,관찰 지역,3.755868544600939,32.85,3.755868544600939,15.610328638497654,32.3943661971831,62.558685446009385,92.48826291079813,5.2644,0.1205,1.4,0.6235,8.664758425191284,26593.72401048035,14.0
1144063000,서울특별시 마포구 신수동,11440,11.01,매우낮음,관찰 지역,24.647887323943664,15.3,24.647887323943664,30.399061032863848,0.4694835680751174,62.558685446009385,25.821596244131456,9.6701,0.1391,0.9043478260869564,0.6235,7.179954906996497,17235.209232914847,16.666666666666668
1171067000,서울특별시 송파구 잠실2동,11710,10.06,매우낮음,관찰 지역,3.9906103286384975,31.52,3.9906103286384975,12.206572769953052,65.72769953051643,16.19718309859155,70.89201877934272,5.3088,0.1132,1.86530612244898,0.4684,7.923307208718231,31394.14752054221,16.666666666666668
1135062100,서울특별시 노원구 중계1동,11350,9.33,매우낮음,관찰 지역,6.807511737089202,28.04,6.807511737089202,13.615023474178404,29.577464788732392,74.88262910798123,50.0,6.586,0.1162,1.374,0.646,7.607484523737723,25306.155190793303,16.666666666666668
1147055000,서울특별시 양천구 목5동,11470,8.1,매우낮음,관찰 지역,3.286384976525822,28.03,3.286384976525822,17.136150234741784,31.92488262910798,58.56807511737089,61.97183098591549,4.9925,0.1232,1.3925925925925926,0.6145,7.774148233509794,38057.33165444869,19.0
1156054000,서울특별시 영등포구 여의동,11560,7.4,매우낮음,관찰 지역,7.276995305164319,24.12,7.276995305164319,4.694835680751173,48.12206572769953,26.643192488262912,84.50704225352112,6.8618,0.0969,1.5789473684210529,0.554,8.274989660052027,93270.06469324054,64.0
1156056000,서울특별시 영등포구 당산2동,11560,7.36,매우낮음,관찰 지역,19.718309859154928,12.52,19.718309859154928,13.262910798122066,15.96244131455399,26.643192488262912,83.33333333333334,9.1208,0.1158,1.225,0.554,8.209206365624093,36911.76791366448,33.666666666666664
1171068000,서울특별시 송파구 잠실3동,11710,6.75,매우낮음,관찰 지역,0.7042253521126761,29.55,0.7042253521126761,24.413145539906104,62.20657276995305,16.19718309859155,26.291079812206576,3.9627,0.1325,1.7907407407407407,0.4684,7.1970281906411095,45423.212906231805,18.0
1171063100,서울특별시 송파구 가락1동,11710,6.13,매우낮음,관찰 지역,12.910798122065728,16.53,12.910798122065728,42.48826291079813,20.422535211267608,16.19718309859155,15.258215962441316,7.7509,0.1527,1.280952380952381,0.4684,6.984394766367786,29674.105563800946,23.0
1150061500,서울특별시 강서구 우장산동,11500,6.1,매우낮음,관찰 지역,13.849765258215962,17.29,13.849765258215962,34.74178403755869,35.91549295774648,10.68075117370892,4.694835680751173,7.9011,0.1434,1.4506849315068493,0.4572,6.580994271943905,33328.73688546215,26.33333333333333
1165058100,서울특별시 서초구 반포4동,11650,5.45,매우낮음,관찰 지역,7.746478873239436,21.49,7.746478873239436,28.169014084507044,50.0,6.220657276995305,17.6056338028169,6.865,0.1356,1.611904761904762,0.4541,7.019316098186495,43214.64422140648,29.666666666666668
1165052000,서울특별시 서초구 서초2동,11650,4.9,매우낮음,관찰 지역,11.267605633802818,16.98,11.267605633802818,4.460093896713615,46.71361502347418,6.220657276995305,79.5774647887324,7.4943,0.0968,1.5724489795918366,0.4541,8.125619717633047,45367.83642166121,34.0
1141055500,서울특별시 서대문구 북아현동,11410,4.27,매우낮음,관찰 지역,2.8169014084507045,23.85,2.8169014084507045,8.450704225352112,24.413145539906104,84.38967136150235,36.85446009389671,4.934,0.1063,1.3272727272727274,0.6647,7.380828788095322,39859.254532405386,19.666666666666668
1147051000,서울특별시 양천구 목1동,11470,2.94,매우낮음,관찰 지역,5.633802816901409,19.11,5.633802816901409,9.389671361502346,26.995305164319248,58.56807511737089,42.01877934272301,6.2204,0.1089,1.3532467532467534,0.6145,7.463418342638364,42870.00673852803,26.666666666666668
1168065000,서울특별시 강남구 역삼2동,11680,0.01,매우낮음,관찰 지역,18.30985915492958,2.9,18.30985915492958,2.3474178403755865,12.676056338028168,21.948356807511736,73.00469483568075,8.975,0.0856,1.188095238095238,0.5206,7.968485597620006,53853.47190156477,48.333333333333336
1156069000,서울특별시 영등포구 신길7동,11560,0.0,매우낮음,관찰 지역,8.215962441314554,11.18,8.215962441314554,29.929577464788732,15.727699530516432,26.643192488262912,16.19718309859155,6.9384,0.139,1.224242424242424,0.554,6.992295135811972,16334.187482305311,11.333333333333334
