adm_cd,adm_nm,gu_cd,fire_rate_per_10k,v2_pred_fire_rate,v2_risk_score,v2_risk_grade,log_avg_living_pop,ratio_65plus,old_bldg_ratio,avg_floors,damage_per_fire,injury_per_fire,avg_living_pop,fire_count,fire_damage,fire_injury,shap_생활인구 (log),shap_65세+ 비율,shap_노후건물비율 (구단위),shap_평균 층수 (구단위),shap_화재당 재산피해 (log),shap_화재당 부상자 수
1111054000,서울특별시 종로구 삼청동,11110,17.7229,15.7351,10.0,매우높음,8.638246086844205,0.1412,0.3906,2.58,8.213562389189342,0.0606060606060606,5642.42306522016,10.0,40586.333333333336,0.6666666666666666,0.17952037693464645,0.001223044039041103,0.005613036505030223,0.05754456599630396,0.014856822937868754,-0.0017047848836975416
1111069000,서울특별시 종로구 창신3동,11110,19.107,15.7074,9.96,매우높음,8.494080577611289,0.1704,0.3906,2.58,7.130847216061129,0.03225806451612903,4884.762183615357,9.333333333333334,12905.666666666666,0.3333333333333333,0.1997882707080487,-0.0010412779201270555,0.005613036505030223,0.05754456599630396,-0.007978655082922278,0.0013647002107192985
1147061000,서울특별시 양천구 신월6동,11470,22.7692,15.5639,9.77,매우높음,8.420526107234359,0.174,0.6145,3.1,8.04431484589497,0.0588235294117647,4538.290980913392,10.333333333333334,35303.666666666664,0.6666666666666666,0.21012912269193015,-0.0013204409013943621,-0.0008669725361170523,0.02839388473173693,0.011287233584276276,-0.0015117746647788355
1111057000,서울특별시 종로구 무악동,11110,13.0353,15.2616,9.36,매우높음,8.802314916998174,0.1973,0.3906,2.58,7.753623546559746,0.0,6648.619520151019,8.666666666666666,22513.666666666668,0.0,0.15645432154608216,-0.003127245752374435,0.005613036505030223,0.05754456599630396,0.005156281565172515,0.004857562559538462
1111070000,서울특별시 종로구 숭인1동,11110,13.3859,15.1677,9.23,매우높음,8.918856776326447,0.1889,0.3906,2.58,8.518017094339234,0.0606060606060606,7470.542700827875,10.0,55034.333333333336,0.6666666666666666,0.14006997249069172,-0.0024758654627507187,0.005613036505030223,0.05754456599630396,0.021278058088466844,-0.0017047848836975416
1111060000,서울특별시 종로구 가회동,11110,17.2709,14.9289,8.91,매우높음,8.818201582770506,0.1313,0.3906,2.58,6.571988056937628,0.0,6755.103400309316,11.666666666666666,9041.333333333334,0.0,0.15422085213997788,0.0019907422375261973,0.005613036505030223,0.05754456599630396,-0.01976551866590011,0.004857562559538462
1111058000,서울특별시 종로구 교남동,11110,11.2657,14.8876,8.85,매우높음,8.908978967375264,0.1582,0.3906,2.58,7.327850932039305,0.03571428571428571,7397.103535607715,8.333333333333334,14197.0,0.3333333333333333,0.1414586706862711,-9.522559472118197e-05,0.005613036505030223,0.05754456599630396,-0.0038236620266819256,0.0009904649590601025
1111067000,서울특별시 종로구 창신1동,11110,34.1009,14.7901,8.72,매우높음,9.02517637435074,0.1965,0.3906,2.58,7.748415901818794,0.0,8308.679958988356,28.33333333333333,67962.33333333333,0.0,0.12512274738634466,-0.0030652095343150334,0.005613036505030223,0.05754456599630396,0.005046447455543751,0.004857562559538462
1129078000,서울특별시 성북구 장위3동,11290,13.1751,14.6167,8.49,매우높음,8.967515772828355,0.1719,0.6333,2.79,7.756623334538858,0.02941176470588235,7843.090877283478,10.333333333333334,26474.666666666668,0.3333333333333333,0.13322911729954,-0.0011575958289884334,-0.001411073339929327,0.04577217548561343,0.005219549905881302,0.0016728939473798132
1117064000,서울특별시 용산구 이촌2동,11170,10.943,14.6153,8.48,매우높음,8.977250191017873,0.1826,0.7379,2.75,7.742402021815781,0.0,7919.82139576965,8.666666666666666,22262.33333333333,0.0,0.13186057807777454,-0.001987330245532931,-0.004438357599438059,0.04801453558288782,0.004919609088411886,0.004857562559538462
1114065000,서울특별시 중구 신당5동,11140,25.1347,14.3613,8.14,매우높음,9.061983051100562,0.1599,0.5778,3.2,8.444631986202427,0.014705882352941175,8620.230053511645,21.666666666666668,105378.33333333331,0.3333333333333333,0.11994818227374145,-0.00022705255809740878,0.0001951816926015963,0.022787984488550954,0.019730297361082106,0.0032652282534591376
1111071000,서울특별시 종로구 숭인2동,11110,20.5896,14.3033,8.06,매우높음,9.417754544288517,0.1776,0.3906,2.58,8.90391495908701,0.037974683544303806,12303.921020160116,25.33333333333333,193806.3333333333,1.0,0.06993109517776767,-0.0015996038826616708,0.005613036505030223,0.05754456599630396,0.02941700582599384,0.0007457119463715978
1154569000,서울특별시 금천구 시흥3동,11545,16.9639,14.3015,8.06,매우높음,9.212567419359003,0.1722,0.6476,3.1,9.335250214878583,0.05555555555555555,10021.295290947965,17.0,203930.3333333333,1.0,0.09877787603311311,-0.0011808594107607087,-0.0018249372492120687,0.02839388473173693,0.0385142707370993,-0.001157922596761208
1141069000,서울특별시 서대문구 남가좌1동,11410,20.6688,14.2957,8.05,매우높음,9.072201989768368,0.1412,0.6647,2.75,7.254562397435969,0.03508771929824561,8708.78155525837,18.0,26857.33333333333,0.6666666666666666,0.11851152544439263,0.001223044039041103,-0.0023198374484242994,0.04801453558288782,-0.005369385927710392,0.0010583087766123543
1141065500,서울특별시 서대문구 홍제2동,11410,10.0087,14.2548,8.0,매우높음,9.209569929180551,0.1886,0.6647,2.75,8.184226318972497,0.0303030303030303,9991.29853919214,10.0,39412.66666666666,0.3333333333333333,0.09919928620845203,-0.0024526018809784412,-0.0023198374484242994,0.04801453558288782,0.014238097715132994,0.00157638883792046
1111068000,서울특별시 종로구 창신2동,11110,16.6762,14.2355,7.97,매우높음,9.126495177659534,0.2064,0.3906,2.58,6.85751406254539,0.040816326530612235,9194.736002965794,15.333333333333334,15516.666666666666,0.6666666666666666,0.11087857238472794,-0.003832907732800128,0.005613036505030223,0.05754456599630396,-0.01374350753384755,0.0004380224447060521
1114058000,서울특별시 중구 장충동,11140,14.7987,13.9978,7.65,매우높음,9.387561227342404,0.1082,0.5778,3.2,9.50019686437678,0.07142857142857142,11937.947420724164,17.666666666666668,249412.0,1.3333333333333333,0.07417590341093384,0.003782038033991418,0.0001951816926015963,0.022787984488550954,0.041993150208545646,-0.0028766326414182567
1114061500,서울특별시 중구 신당동,11140,18.5477,13.8844,7.49,매우높음,10.003612475411549,0.1294,0.5778,3.2,13.25836301307592,0.06349206349206349,22105.17975656841,41.0,24059269.0,2.6666666666666665,-0.012433309300718395,0.002138078255417277,0.0001951816926015963,0.022787984488550954,0.12125639747527397,-0.0020172776190897326
1114068000,서울특별시 중구 중림동,11140,18.329,13.8488,7.45,매우높음,9.07455763453951,0.1408,0.5778,3.2,6.861136285526599,0.0392156862745098,8729.322891183312,16.0,16208.666666666666,0.6666666666666666,0.11818035082264437,0.0012540621480708026,0.0001951816926015963,0.022787984488550954,-0.013667111455426654,0.00061133774332693
1117066000,서울특별시 용산구 이태원2동,11170,17.9875,13.8545,7.45,매우높음,9.316484766180372,0.1345,0.7379,2.75,7.536837900140974,0.047619047619047616,11118.824287327148,20.0,39372.66666666666,1.0,0.08416837784040379,0.0017425973652885902,-0.004438357599438059,0.04801453558288782,0.0005840690508544762,-0.00029856757443268384
1117059000,서울특별시 용산구 용문동,11170,13.4164,13.844,7.44,매우높음,9.07071350210587,0.1722,0.7379,2.75,5.89171690473461,0.02631578947368421,8695.826796761281,11.666666666666666,4573.0,0.3333333333333333,0.11872078846428603,-0.0011808594107607087,-0.004438357599438059,0.04801453558288782,-0.034113075003757654,0.0020081222223438814
1174069000,서울특별시 강동구 둔촌1동,11740,7.0324,13.8097,7.39,매우높음,8.512778432821376,0.1718,0.5642,4.1,5.268430732797837,0.0,4976.974860635008,3.5,869.0,0.0,0.1971595827146103,-0.001149841301731009,0.0005887865294019652,-0.027665117700122734,-0.04725876468574728,0.004857562559538462
1117058000,서울특별시 용산구 효창동,11170,14.1105,13.7977,7.38,매우높음,9.153792240725464,0.1596,0.7379,2.75,6.224696573083284,0.02325581395348837,9449.209983578969,13.333333333333334,7225.0,0.3333333333333333,0.10704094175109082,-0.00020378897632513358,-0.004438357599438059,0.04801453558288782,-0.02709022163782813,0.0023394524941106934
1156066000,서울특별시 영등포구 신길4동,11560,12.4681,13.7821,7.36,매우높음,8.955976446989052,0.1876,0.554,3.37,6.712918229117763,0.09375,7753.095597780204,9.666666666666666,8767.666666666666,1.0,0.13485140429156814,-0.0023750566084041894,0.0008839901570022426,0.01325795407513481,-0.016793169215963404,-0.005293568641717232
1117052000,서울특별시 용산구 용산2가동,11170,16.9218,13.7753,7.35,매우높음,9.394081088695026,0.1503,0.7379,2.75,7.675843232142655,0.015625000000000003,12016.042008906476,20.33333333333333,45965.66666666666,0.3333333333333333,0.07325929126136095,0.0005173820586154101,-0.004438357599438059,0.04801453558288782,0.003515821816936056,0.0031657073593291786
1156067000,서울특별시 영등포구 신길5동,11560,17.0785,13.7614,7.33,매우높음,9.165830771570276,0.1715,0.554,3.37,7.7960184203269005,0.057692307692307696,9563.664175836971,16.333333333333332,42118.333333333336,1.0,0.10534847268793733,-0.0011265777199587338,0.0008839901570022426,0.01325795407513481,0.006050429197099554,-0.0013892874104650423
1117070000,서울특별시 용산구 보광동,11170,31.7082,13.7629,7.33,매우높음,9.260417673146325,0.1492,0.7379,2.75,6.807559397141152,0.029126213592233007,10512.523640029112,33.333333333333336,31025.666666666668,1.0,0.09205072009996323,0.0006026818584470865,-0.004438357599438059,0.04801453558288782,-0.014797098258524096,0.0017038130601192173
1111055000,서울특별시 종로구 부암동,11110,13.7898,13.7218,7.27,매우높음,9.548314826464855,0.179,0.3906,2.58,7.6162754899364735,0.0,14020.04685466703,19.33333333333333,41276.333333333336,0.0,0.05157592864552705,-0.0017081672642656222,0.005613036505030223,0.05754456599630396,0.0022594822904774925,0.004857562559538462
1162071500,서울특별시 관악구 난향동,11620,9.3992,13.7218,7.27,매우높음,9.238497410613768,0.1709,0.5979,3.15,7.3209818554840655,0.0,10284.57194959971,9.666666666666666,16114.0,0.0,0.09513243884710945,-0.0010800505564141814,-0.0003865431029636573,0.025590934610143952,-0.0039685372908265125,0.004857562559538462
1147059000,서울특별시 양천구 신월4동,11470,15.9744,13.6588,7.19,매우높음,9.34815831674581,0.1748,0.6145,3.1,7.826518813028313,0.01724137931034483,11476.665743440684,18.33333333333333,48433.66666666666,0.3333333333333333,0.07971546700408419,-0.0013824771194537655,-0.0008669725361170523,0.02839388473173693,0.006693711072559268,0.002990687855859254
1117065000,서울특별시 용산구 이태원1동,11170,35.7981,13.66,7.19,매우높음,9.337943667777013,0.1205,0.7379,2.75,6.75437097208278,0.008000000000000002,11360.02216768559,40.66666666666666,35700.0,0.3333333333333333,0.08115152075462226,0.0028282311813281192,-0.004438357599438059,0.04801453558288782,-0.015918892005878475,0.00399133269703131
1114064500,서울특별시 중구 청구동,11140,13.2086,13.6576,7.19,매우높음,9.337613554142646,0.1801,0.5778,3.2,9.395697248079683,0.2916666666666667,11356.272358333334,15.0,192567.66666666663,4.666666666666667,0.0811979306629985,-0.0017934670640973008,0.0001951816926015963,0.022787984488550954,0.039789155334954925,-0.026723734511034807
1129077000,서울특별시 성북구 장위2동,11290,12.2088,13.6428,7.17,매우높음,9.393843833518453,0.2156,0.6333,2.79,7.44809839035809,0.02127659574468085,12013.191241675764,14.666666666666666,26877.666666666668,0.3333333333333333,0.07329264641504207,-0.004546324240483247,-0.001411073339929327,0.04577217548561343,-0.0012875304016294797,0.002553759733721567
1147063000,서울특별시 양천구 신정2동,11470,10.4187,13.6198,7.14,매우높음,9.52939662120546,0.139,0.6145,3.1,9.013754077603263,0.06521739130434782,13757.287120342067,14.333333333333334,125952.66666666669,1.0,0.054235595140106896,0.001393643638704456,-0.0008669725361170523,0.02839388473173693,0.03173361580704188,-0.002204093928291586
1120072000,서울특별시 성동구 송정동,11200,12.042,13.6125,7.13,매우높음,9.206942831969025,0.1338,0.75,3.32,7.255609382158672,0.0,9965.082251009826,12.0,18395.33333333333,0.0,0.09956862369769567,0.001796879056090567,-0.004788550138061918,0.01606090419672781,-0.005347304038385528,0.004857562559538462
1159065100,서울특별시 동작구 사당5동,11590,10.3372,13.6121,7.12,매우높음,9.302432309653883,0.1642,0.5743,2.8,6.518150219239531,0.027027027027027025,10963.656239501455,11.333333333333334,8341.333333333334,0.3333333333333333,0.08614398003297874,-0.0005604972301666944,0.0002964770550134548,0.04521158546129485,-0.020901009134635076,0.0019311103213386224
1159065000,서울특별시 동작구 사당4동,11590,8.7255,13.5409,7.03,매우높음,9.500902570158715,0.1752,0.5743,2.8,7.629170188543615,0.02631578947368421,13370.790363700871,11.666666666666666,26047.0,0.3333333333333333,0.05824150753109566,-0.0014134952284834649,0.0002964770550134548,0.04521158546129485,0.002531443572572898,0.0020081222223438814
1129059000,서울특별시 성북구 돈암2동,11290,6.3574,13.538,7.02,매우높음,9.558021565189321,0.1602,0.6333,2.79,7.863689711460844,0.0,14156.80817250728,9.0,26001.0,0.0,0.05021128081540148,-0.0002503161398696861,-0.001411073339929327,0.04577217548561343,0.00747768016732746,0.004857562559538462
1168066000,서울특별시 강남구 개포1동,11680,11.6024,13.5337,7.02,매우높음,9.094612768159166,0.171,0.5206,4.83,10.67099025863954,0.1176470588235294,8906.178183888282,10.333333333333334,488314.6666666667,1.3333333333333333,0.11536084621313417,-0.001087805083671608,0.0018506373297325668,-0.06858818947538033,0.06668628048428493,-0.007881111889096131
1114057000,서울특별시 중구 필동,11140,23.3136,13.5069,6.98,매우높음,9.405425068434512,0.109,0.5778,3.2,7.563023573009394,0.0,12153.139233851893,28.33333333333333,56456.66666666666,0.0,0.07166446752334694,0.0037200018159320165,0.0001951816926015963,0.022787984488550954,0.001136349440089965,0.004857562559538462
1117051000,서울특별시 용산구 후암동,11170,20.7112,13.4902,6.96,매우높음,9.475580580907687,0.1631,0.7379,2.75,7.377952341899325,0.03571428571428571,13036.441091475615,27.0,44780.66666666666,1.0,0.06180146712893464,-0.0004751974303350158,-0.004438357599438059,0.04801453558288782,-0.0027669763238635198,0.0009904649590601025
1162054500,서울특별시 관악구 청림동,11620,7.8961,13.4868,6.96,매우높음,9.303552765591416,0.1761,0.5979,3.15,7.485801169616634,0.10344827586206898,10975.948538891922,8.666666666666666,17221.666666666668,1.0,0.0859864577376632,-0.0014832859738002926,-0.0003865431029636573,0.025590934610143952,-0.0004923434416151395,-0.0063436856625367875
1154571000,서울특별시 금천구 시흥5동,11545,18.8974,13.4885,6.96,매우높음,9.36244306571313,0.2084,0.6476,3.1,7.630637129250357,0.043478260869565216,11641.797945360262,22.0,47365.333333333336,1.0,0.07770720735730831,-0.0039879982779486315,-0.0018249372492120687,0.02839388473173693,0.00256238272729984,0.00014979156765176346
1154570000,서울특별시 금천구 시흥4동,11545,17.6338,13.4934,6.96,매우높음,9.336341128007387,0.2019,0.6476,3.1,7.797102135916673,0.11111111111111109,11341.830258360627,20.0,51083.333333333336,2.333333333333333,0.08137681809509754,-0.0034839540062159935,-0.0018249372492120687,0.02839388473173693,0.006073285774845244,-0.007173407753060876
1111063000,서울특별시 종로구 종로5·6가동,11110,22.5122,13.4922,6.96,매우높음,9.725118054411407,0.178,0.3906,2.58,8.389438186741549,0.07758620689655174,16731.66463918304,37.66666666666666,170108.0,3.0,0.026719573877439687,-0.0016306219916913701,0.005613036505030223,0.05754456599630396,0.01856620838758843,-0.0035433736070179757
1120058000,서울특별시 성동구 응봉동,11200,10.2912,13.4794,6.95,매우높음,9.277036016477506,0.1628,0.75,3.32,7.791442466978597,0.08333333333333333,10688.700817367177,11.0,29025.666666666668,1.0,0.08971438584693366,-0.00045193384856274065,-0.004788550138061918,0.01606090419672781,0.005953918051137278,-0.004165665174911043
1147060000,서울특별시 양천구 신월5동,11470,15.259,13.4528,6.91,매우높음,9.298671765268015,0.1681,0.6145,3.1,7.147173228126011,0.09433962264150943,10922.500595351165,16.666666666666668,22428.0,1.6666666666666667,0.08667266622531751,-0.0008629237932062762,-0.0008669725361170523,0.02839388473173693,-0.007634324183229022,-0.005357412234177959
1129064000,서울특별시 성북구 정릉3동,11290,15.5181,13.4355,6.89,매우높음,9.673850788646998,0.1399,0.6333,2.79,8.400811122000157,0.03896103896103896,15895.445164419578,24.666666666666668,114208.33333333331,1.0,0.033927119580254544,0.0013238528933876305,-0.001411073339929327,0.04577217548561343,0.018806074254046616,0.0006389106317438879
1129062000,서울특별시 성북구 정릉1동,11290,7.3466,13.4287,6.88,매우높음,9.551554020849089,0.167,0.6333,2.79,7.763358887086651,0.0588235294117647,14065.53738746361,10.333333333333334,26653.666666666668,0.6666666666666666,0.05112053783783403,-0.0007776239933745998,-0.001411073339929327,0.04577217548561343,0.005361609023533273,-0.0015117746647788355
1123057000,서울특별시 동대문구 전농2동,11230,7.6539,13.357,6.78,매우높음,9.68749590841905,0.1684,0.6955,3.25,9.683635453445078,0.049999999999999996,16113.840690629157,12.333333333333334,214023.3333333333,0.6666666666666666,0.032008783914970744,-0.0008861873749785512,-0.0032112366376486692,0.01998503436695798,0.04586204202127539,-0.0005563740811312409
1141064000,서울특별시 서대문구 홍제3동,11410,15.8959,13.3549,6.78,매우높음,9.622396220146852,0.218,0.6647,2.75,8.001975715347823,0.04,15098.187601746726,24.0,74646.33333333333,1.0,0.041160997739227545,-0.004732432894661451,-0.0023198374484242994,0.04801453558288782,0.010394261629117137,0.0005264132470026992
1114066500,서울특별시 중구 동화동,11140,12.5977,13.3337,6.75,매우높음,9.241872207968127,0.1819,0.5778,3.2,6.37348229871851,0.047619047619047616,10319.342309061134,13.0,8191.333333333333,0.6666666666666666,0.09465798393310912,-0.001933048554730954,0.0001951816926015963,0.022787984488550954,-0.02395219120113053,-0.00029856757443268384
1121574000,서울특별시 광진구 중곡1동,11215,12.1654,13.3124,6.72,매우높음,9.638548267819163,0.1439,0.6359,3.27,8.99727929582951,0.033898305084745756,15344.050650327512,18.666666666666668,158908.0,0.6666666666666666,0.03889021890879025,0.001013671803090622,-0.0014863213234352815,0.018863854318320786,0.031386147214720474,0.0011870970404403588
1114067000,서울특별시 중구 황학동,11140,24.8931,13.3128,6.72,매우높음,9.492332860731505,0.1548,0.5778,3.2,7.976800758840702,0.06862745098039215,13256.68761775837,33.0,98994.33333333331,2.333333333333333,0.059446303055793584,0.0001684283320312759,0.0001951816926015963,0.022787984488550954,0.009863298195463784,-0.0025733308688317184
1147057000,서울특별시 양천구 신월2동,11470,16.0292,13.3116,6.72,매우높음,9.496273451706902,0.177,0.6145,3.1,7.972342488015914,0.08955223880597017,13309.033811672123,21.33333333333333,64736.333333333336,2.0,0.058892304532022335,-0.001553076719117118,-0.0008669725361170523,0.02839388473173693,0.009769269084246994,-0.004839040378974441
1111056000,서울특별시 종로구 평창동,11110,20.2602,13.2953,6.7,매우높음,9.794471627300624,0.2062,0.3906,2.58,8.089312652755202,0.044642857142857144,17933.322739377254,36.333333333333336,121648.66666666669,1.6666666666666667,0.016969316304710845,-0.0038173986782852765,0.005613036505030223,0.05754456599630396,0.0122362795153237,2.369055894051242e-05
1114060500,서울특별시 중구 을지로동,11140,24.2346,13.2899,6.69,매우높음,9.776032747669081,0.1393,0.5778,3.2,9.690538520382798,0.06106870229007635,17605.66403422489,42.66666666666666,705782.0,2.6666666666666665,0.019561595523652657,0.0013703800569321808,0.0001951816926015963,0.022787984488550954,0.04600763417445168,-0.001754879138989421
1129058000,서울특별시 성북구 돈암1동,11290,5.6975,13.2797,6.67,매우높음,9.462818689828154,0.2066,0.6333,2.79,6.691686641339889,0.04,12871.115863400655,7.333333333333333,6705.666666666667,0.3333333333333333,0.06359563172575104,-0.0038484167873149787,-0.001411073339929327,0.04577217548561343,-0.017240963306303276,0.0005264132470026992
1154564000,서울특별시 금천구 독산4동,11545,18.1808,13.2623,6.65,매우높음,9.37032901914766,0.1692,0.6476,3.1,6.820244455716029,0.059701492537313446,11733.975483997452,21.33333333333333,20439.666666666668,1.3333333333333333,0.07659853949796053,-0.0009482235930379525,-0.0018249372492120687,0.02839388473173693,-0.014529558481241652,-0.0016068393994701402
1120062000,서울특별시 성동구 금호4가동,11200,12.6656,13.2533,6.64,매우높음,9.412375313252102,0.1733,0.75,3.32,7.5022533784722425,0.0,12237.90771669396,15.5,29883.5,0.0,0.07068734876303052,-0.0012661592105923873,-0.004788550138061918,0.01606090419672781,-0.00014535093329899116,0.004857562559538462
1114063500,서울특별시 중구 약수동,11140,10.9596,13.2484,6.63,매우높음,9.567726381075262,0.2097,0.5778,3.2,8.201512112941389,0.02,14294.875971815864,15.666666666666666,60757.66666666666,0.3333333333333333,0.04884690331267371,-0.004088807132295159,0.0001951816926015963,0.022787984488550954,0.014602671314954347,0.0026919879032705806
1153059500,서울특별시 구로구 가리봉동,11530,24.1857,13.2091,6.58,매우높음,9.295506630305853,0.1237,0.5993,3.43,6.5931781703847845,0.02439024390243903,10887.980900272927,26.33333333333333,19928.666666666668,0.6666666666666666,0.08711764519104176,0.002580086309090512,-0.00042706124792840324,0.009894413929223226,-0.019318599308076247,0.0022166178567727523
1114062500,서울특별시 중구 다산동,11140,19.3714,13.2031,6.57,매우높음,9.613904805853641,0.1697,0.5778,3.2,8.382380978891993,0.05555555555555556,14970.5169636008,29.0,131052.0,1.6666666666666667,0.042354785933064465,-0.0009869962293250786,0.0001951816926015963,0.022787984488550954,0.01841736525807813,-0.0011579225967612088
1117069000,서울특별시 용산구 서빙고동,11170,12.3648,13.1843,6.55,매우높음,9.639989015618726,0.154,0.7379,2.75,7.255143904895713,0.016666666666666666,15366.17493221434,19.0,28287.33333333333,0.3333333333333333,0.03868766752523682,0.00023046455009067713,-0.004438357599438059,0.04801453558288782,-0.005357121390235091,0.00305291701264856
1141066000,서울특별시 서대문구 홍은1동,11410,21.7058,13.18,6.54,매우높음,9.639383915801915,0.2022,0.6647,2.75,7.226632574400534,0.0,15356.879070223798,33.333333333333336,47194.0,0.0,0.038772737101688826,-0.0035072175879882687,-0.0023198374484242994,0.04801453558288782,-0.005958452079067217,0.004857562559538462
1126066000,서울특별시 중랑구 망우3동,11260,20.6208,13.1713,6.53,매우높음,9.37597269125495,0.2104,0.5997,3.26,7.14118261258332,0.07894736842105264,11800.39107544301,24.33333333333333,31968.666666666668,2.0,0.075805108757341,-0.004143088823097136,-0.00043863786077547165,0.019424444342639395,-0.007760671881082827,-0.0036907584520452816
1150055000,서울특별시 강서구 화곡2동,11500,11.3806,13.1731,6.53,매우높음,9.441095579448461,0.1747,0.4572,3.62,7.91839921116264,0.021739130434782608,12594.50873065866,14.333333333333334,42111.0,0.3333333333333333,0.06664963331008406,-0.001374722592196339,0.0036855304659931154,-0.0007567965328301106,0.008631554804882669,0.002503677063595113
1117057000,서울특별시 용산구 원효로2동,11170,12.153,13.1685,6.52,매우높음,9.657267088142161,0.1659,0.7379,2.75,7.528044987238691,0.05,15633.997158342432,19.0,37169.333333333336,1.0,0.036258583478869295,-0.0006923241935429211,-0.004438357599438059,0.04801453558288782,0.0003986182746002847,-0.0005563740811312417
1147058000,서울특별시 양천구 신월3동,11470,20.2358,13.1618,6.52,매우높음,9.486377715734141,0.1795,0.6145,3.1,6.919124142785849,0.0,13177.970783378822,26.666666666666668,27955.33333333333,0.0,0.06028352304588686,-0.0017469399005527483,-0.0008669725361170523,0.02839388473173693,-0.012444093183603133,0.004857562559538462
1126055000,서울특별시 중랑구 면목5동,11260,10.8859,13.1555,6.51,매우높음,9.335262056799213,0.1735,0.5997,3.26,6.400382022266397,0.024999999999999998,11329.59713820051,12.333333333333334,8014.333333333333,0.3333333333333333,0.08152852220752764,-0.001281668265107236,-0.00043863786077547165,0.019424444342639395,-0.02338485081365967,0.0021505942392036105
1141052000,서울특별시 서대문구 천연동,11410,16.0221,13.154,6.5,매우높음,9.69453004588078,0.1756,0.6647,2.75,7.529545685125786,0.024691358024691357,16227.594305467614,26.0,50254.0,0.6666666666666666,0.031019870882856255,-0.0014445133375131666,-0.0023198374484242994,0.04801453558288782,0.00043026939990740493,0.002184013601183053
1165055000,서울특별시 서초구 반포본동,11650,21.4562,13.1454,6.49,매우높음,8.44712652822631,0.1475,0.4541,5.94,8.076882512518818,0.18181818181818182,4660.658328156841,10.0,35400.0,2.0,0.2063894313478542,0.0007345088218233156,0.0037752492155579053,-0.1308136821747446,0.01197411620477989,-0.014829479770169551
1156065000,서울특별시 영등포구 신길3동,11560,12.1615,13.1382,6.48,매우높음,9.484727528405607,0.1743,0.554,3.37,7.639802608499639,0.0392156862745098,13156.240946870452,16.0,35331.666666666664,0.6666666666666666,0.06051551904589348,-0.0013437044831666393,0.0008839901570022426,0.01325795407513481,0.0027556912770842425,0.00061133774332693
1154562000,서울특별시 금천구 독산2동,11545,19.4664,13.1076,6.44,매우높음,9.537558469985067,0.1779,0.6476,3.1,7.287731624323135,0.03571428571428571,13870.039688064046,27.0,40915.0,1.0,0.05308813979562248,-0.0016228674644339458,-0.0018249372492120687,0.02839388473173693,-0.0046698158373050785,0.0009904649590601025
1147056000,서울특별시 양천구 신월1동,11470,17.5548,13.0735,6.4,매우높음,9.603177268805947,0.2068,0.6145,3.1,7.5424229119512205,0.012345679012345678,14810.767849972708,26.0,50905.66666666666,0.3333333333333333,0.04386294542620394,-0.0038639258418298296,-0.0008669725361170523,0.02839388473173693,0.0007018621857472389,0.0035207880803607575
1111051500,서울특별시 종로구 청운효자동,11110,12.0773,13.0781,6.4,매우높음,9.747590804905492,0.1462,0.3906,2.58,7.098845966621473,0.10769230769230767,17111.950668905847,20.666666666666668,26207.33333333333,2.333333333333333,0.023560182132258686,0.0008353176761698429,0.005613036505030223,0.05754456599630396,-0.008653591434008748,-0.006803224051134742
1147062000,서울특별시 양천구 신정1동,11470,12.2323,13.0793,6.4,매우높음,9.73484394096695,0.1369,0.6145,3.1,8.278600139570756,0.030769230769230767,16895.198604539666,20.666666666666668,85316.33333333333,0.6666666666666666,0.025352234098259666,0.0015564887111103867,-0.0008669725361170523,0.02839388473173693,0.0162285300647445,0.0015259092422032598
1138065000,서울특별시 은평구 수색동,11380,13.82,13.0498,6.36,매우높음,9.417520943992143,0.1513,0.5835,3.41,6.732629989058777,0.0,12301.046922671034,17.0,15090.333333333334,0.0,0.06996393650033877,0.0004398367860411581,3.021495953085168e-05,0.011015593977860422,-0.01637742971950505,0.004857562559538462
1141071000,서울특별시 서대문구 북가좌1동,11410,9.4126,13.0337,6.34,매우높음,9.558627506656116,0.1619,0.6647,2.75,6.369303480370649,0.06976744186046512,14165.389575209245,13.333333333333334,8351.333333333334,1.0,0.05012609291333505,-0.00038214310324591295,-0.0023198374484242994,0.04801453558288782,-0.024040326397628917,-0.002696767636744845
1120052000,서울특별시 성동구 왕십리2동,11200,9.8619,13.0251,6.33,매우높음,9.584321081342383,0.1515,0.75,3.32,7.744616883020083,0.0,14534.09111074418,14.333333333333334,35391.0,0.0,0.046513892983052856,0.00042432773152630725,-0.004788550138061918,0.01606090419672781,0.004966322587589894,0.004857562559538462
1154568000,서울특별시 금천구 시흥2동,11545,7.7537,13.008,6.31,매우높음,9.618977037328996,0.1832,0.6476,3.1,7.5749636760663694,0.05263157894736842,15046.64887930313,11.666666666666666,24672.0,0.6666666666666666,0.04164169270234932,-0.002033857409077481,-0.0018249372492120687,0.02839388473173693,0.0013881774071219327,-0.0008413181148506992
1156058500,서울특별시 영등포구 도림동,11560,16.4912,12.9882,6.28,매우높음,9.585633595019534,0.1675,0.554,3.37,8.842207656804826,0.2533333333333333,14553.181141848618,24.0,172981.33333333334,6.333333333333333,0.046329369736638516,-0.0008163966296617257,0.0008839901570022426,0.01325795407513481,0.028115540971746112,-0.022573049753188034
1138063200,서울특별시 은평구 신사2동,11380,13.7117,12.9798,6.27,매우높음,9.482542312224624,0.1875,0.5835,3.41,7.404642102198062,0.07017543859649122,13127.520922216156,18.0,31209.33333333333,1.3333333333333333,0.06082273350838001,-0.002367302081146765,3.021495953085168e-05,0.011015593977860422,-0.0022040642581527548,-0.002740945006313753
1162066500,서울특별시 관악구 서림동,11620,16.9694,12.9698,6.26,매우높음,9.757712148300108,0.1377,0.5979,3.15,8.326022042788523,0.06593406593406595,17286.036222825693,29.33333333333333,125245.0,2.0,0.02213724599546904,0.0014944524930509853,-0.0003865431029636573,0.025590934610143952,0.01722870246050455,-0.0022816945490369725
1121576000,서울특별시 광진구 중곡3동,11215,13.2207,12.9636,6.25,매우높음,9.62435800089156,0.1726,0.6359,3.27,7.81995511485754,0.047619047619047616,15127.837971497453,20.0,52264.66666666666,1.0,0.040885195545263084,-0.0012118775197904102,-0.0014863213234352815,0.018863854318320786,0.006555276524827982,-0.00029856757443268384
1117053000,서울특별시 용산구 남영동,11170,23.3122,12.9568,6.24,높음,9.70774488536207,0.1291,0.7379,2.75,7.00867373991717,0.05932203389830507,16443.4758525746,38.333333333333336,43470.66666666666,2.333333333333333,0.029162027323294343,0.0021613418371895523,-0.004438357599438059,0.04801453558288782,-0.010555408229503186,-0.0015657520988832186
1129061000,서울특별시 성북구 보문동,11290,11.3691,12.9523,6.23,높음,9.669879667501354,0.161,0.6333,2.79,6.785785861064079,0.05263157894736842,15832.443631040756,18.0,16799.333333333332,1.0,0.03448541026968152,-0.0003123523579290873,-0.001411073339929327,0.04577217548561343,-0.015256322546557623,-0.0008413181148506992
1159055000,서울특별시 동작구 상도3동,11590,15.2653,12.9531,6.23,높음,9.768230489258615,0.1759,0.5743,2.8,7.359897016966568,0.03614457831325301,17468.826805558587,26.666666666666668,43455.333333333336,1.0,0.02065849689414952,-0.0014677769192854419,0.0002964770550134548,0.04521158546129485,-0.003147780053129629,0.0009438734217049415
1138064000,서울특별시 은평구 증산동,11380,13.7732,12.9448,6.22,높음,9.583413354795926,0.1801,0.5835,3.41,7.724320383007107,0.031746031746031744,14520.903209097523,20.0,47496.0,0.6666666666666666,0.04664150814785038,-0.0017934670640973008,3.021495953085168e-05,0.011015593977860422,0.0045382503748340715,0.0014201424702243648
1159052000,서울특별시 동작구 노량진2동,11590,12.6327,12.9324,6.2,높음,9.76514908506437,0.1584,0.5743,2.8,7.38577919579655,0.07246376811594203,17415.078061299126,22.0,37073.333333333336,1.6666666666666667,0.021091704345877493,-0.00011073464923603281,0.0002964770550134548,0.04521158546129485,-0.0026019006376831705,-0.002988722426939369
1150060500,서울특별시 강서구 가양3동,11500,10.7483,12.9204,6.19,높음,9.320591930277157,0.1995,0.4572,3.62,6.702779031623376,0.10256410256410256,11164.589147965717,12.0,10577.666666666666,1.3333333333333333,0.0835909611887615,-0.0032978453520377897,0.0036855304659931154,-0.0007567965328301106,-0.017007014396374583,-0.006247948498245545
1147061100,서울특별시 양천구 신월7동,11470,17.5739,12.9235,6.19,높음,9.614826095423561,0.199,0.6145,3.1,7.168748998678314,0.03658536585365854,14984.316421697597,26.33333333333333,35457.333333333336,1.0,0.042225263974330816,-0.0032590727157506636,-0.0008669725361170523,0.02839388473173693,-0.007179270955513326,0.0008961455053898979
1129068500,서울특별시 성북구 길음2동,11290,9.0087,12.9212,6.19,높음,9.805410608365328,0.1658,0.6333,2.79,7.519942664806062,0.038461538461538464,18130.58290179221,16.333333333333332,31953.33333333333,0.6666666666666666,0.015431430388805045,-0.0006845696662854967,-0.001411073339929327,0.04577217548561343,0.00022773269876310705,0.0006929959128694591
1162065500,서울특별시 관악구 신원동,11620,13.7545,12.8894,6.15,높음,9.709932340098334,0.1475,0.5979,3.15,7.771655005234549,0.07042253521126761,16479.486770931428,22.666666666666668,56123.0,1.6666666666666667,0.028854498147525304,0.0007345088218233156,-0.0003865431029636573,0.025590934610143952,0.005536581932684312,-0.002767700314644219
1121578000,서울특별시 광진구 능동,11215,9.6608,12.8848,6.14,높음,9.627911187182036,0.126,0.6359,3.27,7.684920886945801,0.10638297872340427,15181.689166175402,14.666666666666666,34064.0,1.6666666666666667,0.04038566134546959,0.002401732182169733,-0.0014863213234352815,0.018863854318320786,0.0037072780668181565,-0.006661451569546014
1144061000,서울특별시 마포구 염리동,11440,7.3733,12.8836,6.14,높음,9.669271642094614,0.117,0.6235,3.22,7.767263996757308,0.10526315789473684,15822.81942121543,11.666666666666666,29906.0,1.3333333333333333,0.03457089114801988,0.003099639635338,-0.001127446325176121,0.02166680443991376,0.0054439714474341224,-0.006540198789239861
1153077000,서울특별시 구로구 오류1동,11530,14.5576,12.8778,6.13,높음,9.696357453067568,0.1661,0.5993,3.43,8.091768038216957,0.0,16257.277668868268,23.666666666666668,80572.66666666667,0.0,0.030762959954995346,-0.0007078332480577719,-0.00042706124792840324,0.009894413929223226,0.012288065896577103,0.004857562559538462
1147067000,서울특별시 양천구 신정6동,11470,4.7058,12.8676,6.12,높음,9.895190264809148,0.1373,0.6145,3.1,8.417216009045356,0.0,19833.740795151018,9.333333333333334,46740.66666666666,0.0,0.0028095172176314186,0.001525470602080685,-0.0008669725361170523,0.02839388473173693,0.01915206870101818,0.004857562559538462
1111064000,서울특별시 종로구 이화동,11110,11.964,12.8394,6.08,높음,10.084211632761946,0.1271,0.3906,2.58,8.07700752140286,0.0449438202247191,23960.691169241265,28.666666666666668,95484.66666666669,1.3333333333333333,-0.023764557448042935,0.0023164323823380564,0.005613036505030223,0.05754456599630396,0.011976752759337178,-8.897342187113978e-06
1144058500,서울특별시 마포구 도화동,11440,12.5172,12.8426,6.08,높음,9.711818443621343,0.1525,0.6235,3.22,7.726755409773202,0.04615384615384615,16510.600007259825,20.666666666666668,49123.333333333336,1.0,0.028589335238217804,0.00034678245895205525,-0.001127446325176121,0.02166680443991376,0.004589607372110217,-0.0001399174164643407
1126060000,서울특별시 중랑구 중화1동,11260,13.1469,12.836,6.07,높음,9.629951614299708,0.187,0.5997,3.26,7.364928939161788,0.047619047619047616,15212.69996374636,20.0,33150.666666666664,1.0,0.04009880244077464,-0.002328529444859639,-0.00043863786077547165,0.019424444342639395,-0.003041652096726011,-0.00029856757443268384
1129065000,서울특별시 성북구 정릉4동,11290,11.8692,12.8267,6.06,높음,9.81222034565059,0.2013,0.6333,2.79,8.131885319003539,0.19117647058823528,18254.475577438137,21.666666666666668,77071.33333333333,4.333333333333333,0.014474065255793271,-0.0034374268426714434,-0.001411073339929327,0.04577217548561343,0.013134176957355052,-0.015842783419492756
1129063000,서울특별시 성북구 정릉2동,11290,10.5762,12.8281,6.06,높음,9.880307345782013,0.1818,0.6333,2.79,7.695841941275737,0.030769230769230767,19540.72780680495,20.666666666666668,47627.333333333336,0.6666666666666666,0.00490187220243422,-0.0019252940274735275,-0.001411073339929327,0.04577217548561343,0.003937613340863109,0.0015259092422032598
1135072000,서울특별시 노원구 상계10동,11350,7.0556,12.8103,6.04,높음,9.490192979586189,0.1628,0.646,3.44,6.712171979172737,0.03225806451612903,13228.348074435951,9.333333333333334,8487.333333333334,0.3333333333333333,0.05974714397101492,-0.00045193384856274065,-0.0017786307978237919,0.009333823904904642,-0.016808908326895425,0.0013647002107192985
1130557500,서울특별시 강북구 삼각산동,11305,8.6066,12.8033,6.03,높음,9.948234380788177,0.1612,0.7607,2.91,8.406955303617101,0.017543859649122806,20914.261374545124,18.0,85065.0,0.3333333333333333,-0.0046478317258669185,-0.00032786141244393814,-0.0050982245317210345,0.03904509519379026,0.018935660804370938,0.0029579356680754084
1153076000,서울특별시 구로구 개봉3동,11530,15.5147,12.8,6.03,높음,9.674066544869566,0.1997,0.5993,3.43,7.912694142869412,0.025974025974025972,15898.875291402836,24.666666666666668,70089.0,0.6666666666666666,0.03389678691453425,-0.0033133544065526385,-0.00042706124792840324,0.009894413929223226,0.008511229566213748,0.002045127941008746
1162052500,서울특별시 관악구 보라매동,11620,14.937,12.7949,6.02,높음,9.777391223600986,0.1571,0.5979,3.15,7.984437801548803,0.08536585365853659,17629.598517085153,26.33333333333333,80194.0,2.333333333333333,0.01937061055069984,-9.925794889503417e-06,-0.0003865431029636573,0.025590934610143952,0.010024370585722076,-0.00438574390014152
1123075000,서울특별시 동대문구 이문2동,11230,8.1106,12.7914,6.01,높음,9.573978710897114,0.1938,0.6955,3.25,7.252445534691573,0.10526315789473684,14384.538511280933,11.666666666666666,17867.0,1.3333333333333333,0.04796790279902916,-0.002855837298364553,-0.0032112366376486692,0.01998503436695798,-0.005414032547497794,-0.006540198789239861
1130560800,서울특별시 강북구 번3동,11305,12.368500000000001,12.7707,5.99,높음,9.968018402250731,0.16005,0.7607,2.91,8.506940814951886,0.03571428571428571,21332.169676937774,17.666666666666668,92362.66666666669,0.6666666666666666,-0.007429221307517296,-0.0002386843489835474,-0.0050982245317210345,0.03904509519379026,0.021044448972441294,0.0009904649590601025
1129052500,서울특별시 성북구 성북동,11290,10.5188,12.7688,5.98,높음,9.948266546430975,0.1685,0.6333,2.79,7.722221907821526,0.0,20914.934138191413,22.0,51910.333333333336,0.0,-0.004652353818806176,-0.0008939419022359778,-0.001411073339929327,0.04577217548561343,0.004493991565899976,0.004857562559538462
1147054000,서울특별시 양천구 목4동,11470,11.9979,12.752,5.96,높음,9.785933086225725,0.1338,0.6145,3.1,7.24823865000244,0.0,17780.84169724345,21.33333333333333,31370.0,0.0,0.018169729943220428,0.001796879056090567,-0.0008669725361170523,0.02839388473173693,-0.005502759689445135,0.004857562559538462
1150060400,서울특별시 강서구 가양2동,11500,11.8981,12.7454,5.95,높음,9.624399394680877,0.2586,0.4572,3.62,7.952108970043996,0.03508771929824561,15128.464224390464,18.0,53970.66666666666,0.6666666666666666,0.040879376088659214,-0.00788077096117608,0.0036855304659931154,-0.0007567965328301106,0.009342525221781237,0.0010583087766123543
1120067000,서울특별시 성동구 성수2가1동,11200,22.7292,12.7277,5.93,높음,9.870933067954283,0.1249,0.75,3.32,8.614607553182537,0.029629629629629627,19358.39417939411,44.0,247976.3333333333,1.3333333333333333,0.006219780128024301,0.00248703198200141,-0.004788550138061918,0.01606090419672781,0.023315241416711555,0.0016493038095119713
1156070000,서울특별시 영등포구 대림1동,11560,13.323,12.7228,5.92,높음,9.665432610080455,0.1864,0.554,3.37,7.475476655833134,0.0606060606060606,15762.187729839883,21.0,38791.333333333336,1.3333333333333333,0.03511061173354471,-0.0022820022813150884,0.0008839901570022426,0.01325795407513481,-0.0007100971162932985,-0.0017047848836975416
1162061500,서울특별시 관악구 중앙동,11620,16.4122,12.7212,5.92,높음,9.644498211532465,0.1416,0.5979,3.15,6.394437099902722,0.012658227848101267,15435.624998926492,25.33333333333333,15734.333333333334,0.3333333333333333,0.03805373015513071,0.0011920259300114014,-0.0003865431029636573,0.025590934610143952,-0.023510234799531776,0.0034869456884828406
1153073000,서울특별시 구로구 고척2동,11530,14.1378,12.7256,5.92,높음,9.682443577240145,0.1829,0.5993,3.43,7.569317309869959,0.01408450704225352,16032.628506741266,22.666666666666668,45838.0,0.3333333333333333,0.03271907940927423,-0.002010593827305206,-0.00042706124792840324,0.009894413929223226,0.0012690902507066948,0.0033325099847019255
1141070000,서울특별시 서대문구 남가좌2동,11410,15.409,12.6956,5.88,높음,9.887687269828568,0.1464,0.6647,2.75,7.065104485481217,0.03191489361702128,19685.47773854621,30.33333333333333,36641.333333333336,1.0,0.0038643458382766286,0.0008198086216549919,-0.0023198374484242994,0.04801453558288782,-0.009365230903086386,0.0014018583208131187
1174058000,서울특별시 강동구 암사2동,11740,9.5559,12.6757,5.86,높음,9.592305017940985,0.157,0.5642,4.1,8.34724279527728,0.0,14650.6028488901,14.0,63263.0,0.0,0.0453914498984686,-2.1712676320790694e-06,0.0005887865294019652,-0.027665117700122734,0.017676268024439133,0.004857562559538462
1144063000,서울특별시 마포구 신수동,11440,9.6701,12.6694,5.85,높음,9.754767637958569,0.1391,0.6235,3.22,7.179954906996497,0.018867924528301886,17235.209232914847,16.666666666666668,23176.0,0.3333333333333333,0.02255120785870902,0.0013858891114470317,-0.001127446325176121,0.02166680443991376,-0.0069429278438124615,0.002814567600795178
1120059000,서울특별시 성동구 금호1가동,11200,4.7151,12.6598,5.84,높음,9.605543241601913,0.1637,0.75,3.32,6.582313647593365,0.0,14845.85357933952,7.0,5769.666666666667,0.0,0.04353031881145714,-0.0005217245938795683,-0.004788550138061918,0.01606090419672781,-0.019547742278976935,0.004857562559538462
1129076000,서울특별시 성북구 장위1동,11290,10.4265,12.6559,5.83,높음,9.972118273922382,0.1755,0.6333,2.79,7.7791263466287575,0.05714285714285715,21419.81247430859,22.33333333333333,55747.66666666666,1.3333333333333333,-0.008005612734064005,-0.0014367588102557401,-0.001411073339929327,0.04577217548561343,0.0056941595268916075,-0.0013297936012269139
1123073000,서울특별시 동대문구 휘경2동,11230,11.4403,12.6564,5.83,높음,9.894145030429085,0.1524,0.6955,3.25,8.263412545444512,0.01408450704225352,19813.019673253275,22.666666666666668,91786.66666666669,0.3333333333333333,0.0029564642890644683,0.0003545369862094795,-0.0032112366376486692,0.01998503436695798,0.01590820946661663,0.0033325099847019255
1153052000,서울특별시 구로구 구로1동,11530,10.4963,12.652,5.82,높음,9.712011160378133,0.1352,0.5993,3.43,7.2436559237043925,0.0,16513.782375900653,17.333333333333332,25633.666666666668,0.0,0.02856224163742701,0.0016883156744866156,-0.00042706124792840324,0.009894413929223226,-0.005599413683266994,0.004857562559538462
1121575000,서울특별시 광진구 중곡2동,11215,13.206,12.651,5.82,높음,9.82157051791481,0.1491,0.6359,3.27,7.7812483818442475,0.026315789473684213,18425.96791088064,24.33333333333333,60654.66666666666,0.6666666666666666,0.013159546275334373,0.0006104363857045109,-0.0014863213234352815,0.018863854318320786,0.0057389152389434326,0.002008122222343881
1156061000,서울특별시 영등포구 양평1동,11560,15.1997,12.6436,5.81,높음,9.856415914455868,0.1209,0.554,3.37,8.1855886439057,0.05555555555555556,19079.381020978894,29.0,107635.66666666669,1.6666666666666667,0.008260712987510771,0.002797213072298418,0.0008839901570022426,0.01325795407513481,0.0142668304251212,-0.0011579225967612088
1117056000,서울특별시 용산구 원효로1동,11170,13.602,12.6429,5.81,높음,9.932376927408503,0.1028,0.7379,2.75,7.178168408199428,0.04597701149425287,20585.214410935227,28.0,37975.66666666666,1.3333333333333333,-0.002418469222130655,0.0042007825058923785,-0.004438357599438059,0.04801453558288782,-0.006980606778242429,-0.00012076998360609277
1156069000,서울특별시 영등포구 신길7동,11560,6.9384,12.6228,5.79,높음,9.701076801306638,0.139,0.554,3.37,6.992295135811972,0.027027027027027025,16334.187482305311,11.333333333333334,13409.0,0.3333333333333333,0.03009947775805313,0.001393643638704456,0.0008839901570022426,0.01325795407513481,-0.010900848344630494,0.0019311103213386224
1120054000,서울특별시 성동구 마장동,11200,20.4567,12.628,5.79,높음,9.968663124381667,0.165,0.75,3.32,9.19474703734351,0.059701492537313446,21345.928078247816,43.66666666666666,439711.0,2.6666666666666665,-0.007519861292994384,-0.0006225334482260955,-0.004788550138061918,0.01606090419672781,0.035550927004524176,-0.0016068393994701402
1123072000,서울특별시 동대문구 휘경1동,11230,11.8672,12.6228,5.79,높음,9.732356084656228,0.1404,0.6955,3.25,7.1866848742960165,0.047619047619047616,16853.215535789666,20.0,27735.0,1.0,0.025701996032979724,0.0012850802571005044,-0.0032112366376486692,0.01998503436695798,-0.006800986524282598,-0.00029856757443268384
1141068500,서울특별시 서대문구 홍은2동,11410,22.4594,12.6251,5.79,높음,10.04348795585803,0.1804,0.6647,2.75,7.930695568759784,0.025316455696202535,23004.485255758733,51.66666666666666,146432.33333333334,1.3333333333333333,-0.01803931039038909,-0.001816730645869576,-0.0023198374484242994,0.04801453558288782,0.008890896514146884,0.0021163288174272194
1126058000,서울특별시 중랑구 상봉1동,11260,12.1501,12.6188,5.78,높음,9.773332124854157,0.1644,0.5997,3.26,7.949949880282659,0.1492537313432836,17558.17922378093,21.33333333333333,63302.333333333336,3.333333333333333,0.019941269806538684,-0.0005760062846815431,-0.00043863786077547165,0.019424444342639395,0.009296987994619754,-0.011303442337983043
1141062000,서울특별시 서대문구 홍제1동,11410,10.6982,12.6093,5.77,높음,10.085496393332772,0.2,0.6647,2.75,8.47839778780603,0.075,23991.49598943777,25.666666666666668,128233.0,2.0,-0.023945178949762086,-0.003336617988324916,-0.0023198374484242994,0.04801453558288782,0.02044244977153155,-0.003263342401466093
1159064000,서울특별시 동작구 사당3동,11590,6.58,12.6086,5.77,높음,9.865324147576395,0.1889,0.5743,2.8,6.591272165895441,0.0,19250.11283347889,12.666666666666666,9945.333333333334,0.0,0.007008325203801365,-0.0024758654627507187,0.0002964770550134548,0.04521158546129485,-0.019358798729590006,0.004857562559538462
1159054000,서울특별시 동작구 상도2동,11590,9.6078,12.6058,5.76,높음,9.960074820747005,0.1576,0.5743,2.8,7.177555768375116,0.015625000000000003,21163.37919292213,20.33333333333333,27919.0,0.3333333333333333,-0.006312451651900364,-4.869843117662944e-05,0.0002964770550134548,0.04521158546129485,-0.006993527926472317,0.0031657073593291786
1154563000,서울특별시 금천구 독산3동,11545,20.8767,12.6013,5.76,높음,9.90145966350663,0.1662,0.6476,3.1,7.659359292224114,0.007812500000000002,19958.48331496543,41.66666666666666,90427.66666666669,0.3333333333333333,0.001928117030445351,-0.0007155877753151963,-0.0018249372492120687,0.02839388473173693,0.003168160070755545,0.004011634959433821
1162074500,서울특별시 관악구 삼성동,11620,12.3338,12.5987,5.75,높음,9.889891798606014,0.2226,0.5979,3.15,8.006950730910827,0.03947368421052632,19728.925018040394,24.33333333333333,76019.0,1.0,0.0035544162627531906,-0.0050891411485030095,-0.0003865431029636573,0.025590934610143952,0.01049918937129869,0.0005834020537465904
1126069000,서울특별시 중랑구 신내2동,11260,9.5138,12.6003,5.75,높음,9.771066143039947,0.1994,0.5997,3.26,7.421471061834495,0.03773584905660377,17518.435489283114,16.666666666666668,29512.0,0.6666666666666666,0.02025983892162895,-0.0032900908247803637,-0.00043863786077547165,0.019424444342639395,-0.0018491257226741966,0.0007715726420518934
1123070500,서울특별시 동대문구 청량리동,11230,12.3762,12.5929,5.74,높음,9.900066243183758,0.2495,0.6955,3.25,8.815720783479097,0.0909090909090909,19930.690733151383,24.666666666666668,172951.33333333334,2.333333333333333,0.0021240147540821344,-0.007175108980750388,-0.0032112366376486692,0.01998503436695798,0.027556907982497773,-0.004985958605315543
1138059000,서울특별시 은평구 응암2동,11380,9.9905,12.5889,5.74,높음,9.68136061361941,0.1476,0.5835,3.41,6.772990633216276,0.0,16015.274069168488,16.0,14839.666666666666,0.0,0.032871330746936864,0.0007267542945658891,3.021495953085168e-05,0.011015593977860422,-0.015526185897087142,0.004857562559538462
1174059000,서울특별시 강동구 암사3동,11740,10.7656,12.5765,5.72,높음,9.585589245638486,0.1449,0.5642,4.1,9.015069736576017,0.22000000000000003,14552.535687236172,15.666666666666666,137085.33333333334,3.6666666666666665,0.04633560471301234,0.0009361265305163701,0.0005887865294019652,-0.027665117700122734,0.031761364288176,-0.018963758659408237
1147053000,서울특별시 양천구 목3동,11470,12.6455,12.5773,5.72,높음,9.808588156198475,0.1615,0.6145,3.1,6.847061210309881,0.0,18188.28850635917,23.0,22562.666666666668,0.0,0.014984706326407603,-0.00035112499421621334,-0.0008669725361170523,0.02839388473173693,-0.013963967986792813,0.004857562559538462
1129072500,서울특별시 성북구 월곡2동,11290,10.0789,12.5716,5.72,높음,10.020840905978453,0.1701,0.6333,2.79,7.690646601473309,0.04225352112676056,22489.33422693777,22.666666666666668,51754.0,1.0,-0.014855414299829535,-0.0010180143383547802,-0.001411073339929327,0.04577217548561343,0.003828038753923384,0.0002824048350288535
1162076500,서울특별시 관악구 미성동,11620,13.8544,12.5586,5.7,높음,9.937519893460045,0.1691,0.5979,3.15,7.831483452927959,0.011235955056179775,20691.3613338246,28.666666666666668,74690.66666666667,0.3333333333333333,-0.003141506862461545,-0.0009404690657805281,-0.0003865431029636573,0.025590934610143952,0.006798419982273671,0.003640947584107068
1138055100,서울특별시 은평구 갈현1동,11380,13.2351,12.5586,5.7,높음,9.923353922794368,0.1829,0.5835,3.41,8.707032057229682,0.05952380952380953,20400.30039787118,27.0,169239.66666666666,1.6666666666666667,-0.001149945980966487,-0.002010593827305206,3.021495953085168e-05,0.011015593977860422,0.025264560852822533,-0.001587600107925471
1130559500,서울특별시 강북구 번1동,11305,12.368500000000001,12.5574,5.7,높음,9.968018402250731,0.16005,0.7607,2.91,7.72250298562562,0.038461538461538464,21332.169676937774,33.666666666666664,78263.66666666667,1.3333333333333333,-0.007429221307517296,-0.0002386843489835474,-0.0050982245317210345,0.03904509519379026,0.004499919760292022,0.0006929959128694591
1130561500,서울특별시 강북구 수유1동,11305,12.368500000000001,12.5587,5.7,높음,9.968018402250731,0.16005,0.7607,2.91,7.651968942495579,0.023809523809523808,21332.169676937774,27.0,58906.0,0.6666666666666666,-0.007429221307517296,-0.0002386843489835474,-0.0050982245317210345,0.03904509519379026,0.0030122906667050518,0.002279497492552889
1114054000,서울특별시 중구 회현동,11140,15.4014,12.5547,5.69,높음,10.15643423096401,0.131,0.5778,3.2,9.478453527524302,0.05737704918032788,25755.292134088428,39.66666666666666,531674.0,2.333333333333333,-0.033918164619322747,0.0020140058192984725,0.0001951816926015963,0.022787984488550954,0.04153456285046986,-0.0013551516182792312
1138058000,서울특별시 은평구 응암1동,11380,9.5536,12.5516,5.69,높음,10.074364607127915,0.1585,0.5835,3.41,9.50909298153014,0.04225352112676056,23725.89768798217,22.666666666666668,319044.6666666667,1.0,-0.02238018700745399,-0.00011848917649345716,3.021495953085168e-05,0.011015593977860422,0.04218077765920654,0.0002824048350288535
1153055000,서울특별시 구로구 구로4동,11530,21.0995,12.5514,5.69,높음,9.816122452360144,0.1864,0.5993,3.43,7.876820224947474,0.025210084033613453,18325.849555049128,38.66666666666666,104501.0,1.0,0.013925477145485067,-0.0022820022813150884,-0.00042706124792840324,0.009894413929223226,0.0077546150063020885,0.002127846606259619
1144060000,서울특별시 마포구 대흥동,11440,12.9903,12.5548,5.69,높음,10.047380842952453,0.1016,0.6235,3.22,8.796299890553163,0.06451612903225806,23094.21755795124,30.0,204871.0,2.0,-0.018586602336440803,0.004293836832981482,-0.001127446325176121,0.02166680443991376,0.027147303144068317,-0.0021281621380998647
1144071000,서울특별시 마포구 연남동,11440,17.7291,12.5523,5.69,높음,9.800922591054807,0.11,0.6235,3.22,7.1028567762004595,0.050505050505050504,18049.390376874093,32.0,40076.333333333336,1.6666666666666667,0.016062390308322794,0.0036424565433577642,-0.001127446325176121,0.02166680443991376,-0.008568999699950106,-0.0006110603098248746
1150053000,서울특별시 강서구 등촌2동,11500,13.486,12.55,5.69,높음,9.653277221519314,0.1616,0.4572,3.62,7.03105840440549,0.0303030303030303,15571.739886726711,21.0,24865.0,0.6666666666666666,0.03681950955135489,-0.00035887952147363775,0.0036855304659931154,-0.0007567965328301106,-0.010083294670358222,0.00157638883792046
1144070000,서울특별시 마포구 망원2동,11440,14.4915,12.5545,5.69,높음,9.714895301786544,0.1535,0.6235,3.22,6.506899531430872,0.013333333333333332,16561.48209690724,24.0,16718.666666666668,0.3333333333333333,0.028156766902143946,0.00026923718637780313,-0.001127446325176121,0.02166680443991376,-0.021138296687769773,0.0034138461220265415
1129071500,서울특별시 성북구 월곡1동,11290,7.7491,12.546,5.68,높음,10.107246205339868,0.1607,0.6333,2.79,8.175294256868922,0.05,24519.044510944324,19.0,71022.0,1.0,-0.02700293445381327,-0.00028908877615681217,-0.001411073339929327,0.04577217548561343,0.014049712151774514,-0.0005563740811312417
1135061200,서울특별시 노원구 하계2동,11350,7.6503,12.5365,5.67,높음,9.71463010166908,0.1686,0.646,3.44,7.29001000878108,0.04878048780487805,16557.09030708697,12.666666666666666,20016.0,0.6666666666666666,0.02819405077009589,-0.0009016964294934021,-0.0017786307978237919,0.009333823904904642,-0.004621762573156212,-0.0004243268459929561
1144059000,서울특별시 마포구 용강동,11440,9.3885,12.5162,5.64,높음,10.203008396964739,0.1339,0.6235,3.22,9.73489361777977,0.05063291139240507,26983.24340280204,25.33333333333333,444929.0,1.3333333333333333,-0.04046591833732548,0.0017891245288331427,-0.001127446325176121,0.02166680443991376,0.04694312476039422,-0.0006249049246840232
1156063000,서울특별시 영등포구 신길1동,11560,14.3258,12.5103,5.63,높음,9.806430210240947,0.1703,0.554,3.37,7.373304557878492,0.024691358024691357,18149.07932561863,26.0,42981.0,0.6666666666666666,0.015288086931578945,-0.001033523392869631,0.0008839901570022426,0.01325795407513481,-0.002865002446048987,0.002184013601183053
1111053000,서울특별시 종로구 사직동,11110,14.6294,12.5044,5.62,높음,10.101566436537759,0.1233,0.3906,2.58,6.881299294382986,0.03636363636363636,24380.171084916303,35.666666666666664,35672.666666666664,1.3333333333333333,-0.02620442896279016,0.0026111044181202124,0.005613036505030223,0.05754456599630396,-0.013241854696308055,0.0009201540935968597
1117055500,서울특별시 용산구 청파동,11170,16.7248,12.4992,5.62,높음,10.02226768371257,0.1268,0.7379,2.75,7.1761095251949785,0.01724137931034483,22521.44583766376,37.66666666666666,50530.0,0.6666666666666666,-0.015056001664360873,0.0023396959641103316,-0.004438357599438059,0.04801453558288782,-0.007024030550959732,0.002990687855859254
1135070000,서울특별시 노원구 상계8동,11350,7.2553,12.4916,5.61,높음,9.793608320035347,0.1518,0.646,3.44,7.456482064357401,0.023809523809523808,17917.84658955604,13.0,24220.666666666668,0.3333333333333333,0.017090686666037507,0.00040106414975403206,-0.0017786307978237919,0.009333823904904642,-0.001110710857490636,0.002279497492552889
1126063000,서울특별시 중랑구 묵2동,11260,11.9495,12.4923,5.61,높음,9.835781844737923,0.1793,0.5997,3.26,7.543734801961932,0.07142857142857145,18689.70919220342,22.33333333333333,44050.333333333336,1.6666666666666667,0.01116160887711368,-0.0017314308460378975,-0.00043863786077547165,0.019424444342639395,0.0007295311759385802,-0.0028766326414182597
1141056500,서울특별시 서대문구 충현동,11410,11.0819,12.4852,5.6,높음,10.6042807736111,0.1231,0.6647,2.75,10.949706441346242,0.02919708029197081,40306.01384503275,44.66666666666666,2600092.333333333,1.3333333333333333,-0.09687986885394578,0.0026266134726350633,-0.0023198374484242994,0.04801453558288782,0.07256466606730844,0.001696139703672941
1159067000,서울특별시 동작구 신대방1동,11590,15.1302,12.485,5.6,높음,9.849432873211452,0.1564,0.5743,2.8,6.475709681860182,0.11235955056179774,18946.606059406844,28.666666666666668,19229.33333333333,3.333333333333333,0.0092424425212264,4.4355895912471304e-05,0.0002964770550134548,0.04521158546129485,-0.02179611985495184,-0.007308587194775475
1162077500,서울특별시 관악구 난곡동,11620,12.8519,12.4868,5.6,높음,9.74795244738934,0.1861,0.5979,3.15,7.268132058317824,0.18840579710144925,17118.1405580877,22.0,32956.0,4.333333333333333,0.02350933965623535,-0.002258738699542811,-0.0003865431029636573,0.025590934610143952,-0.005083189058480333,-0.015542778405303896
1126057000,서울특별시 중랑구 면목7동,11260,13.999,12.4802,5.59,높음,9.816601802450663,0.2009,0.5997,3.26,7.66039114230633,0.11249999999999999,18334.636637918484,25.666666666666668,56575.66666666666,3.0,0.013858086430697613,-0.0034064087336417416,-0.00043863786077547165,0.019424444342639395,0.0031899227563242025,-0.00732379488196837
1129060000,서울특별시 성북구 안암동,11290,11.5893,12.4607,5.57,높음,10.15031789721355,0.1081,0.6333,2.79,8.079453019278386,0.07608695652173912,25598.23884001092,29.666666666666668,98945.0,2.333333333333333,-0.03305828347717872,0.0037897925612488427,-0.001411073339929327,0.04577217548561343,0.01202833060212764,-0.0033810366762632594
1147068000,서울특별시 양천구 신정7동,11470,9.1927,12.4655,5.57,높음,9.970901195643947,0.1803,0.6145,3.1,7.657404744197853,0.016129032258064516,21393.75752741085,19.666666666666668,43715.333333333336,0.3333333333333333,-0.007834506528477897,-0.0018089761186121495,-0.0008669725361170523,0.02839388473173693,0.0031269368205397983,0.0031111313851288807
1159068000,서울특별시 동작구 신대방2동,11590,9.4027,12.4589,5.56,높음,10.090280803071899,0.1557,0.5743,2.8,7.691779009698759,0.05633802816901408,24106.56096040757,22.666666666666668,51812.66666666666,1.3333333333333333,-0.024617807991736268,9.863758671444818e-05,0.0002964770550134548,0.04521158546129485,0.003851922305003687,-0.001242647739807682
1144069000,서울특별시 마포구 망원1동,11440,13.6214,12.4507,5.55,높음,9.882165410531671,0.1427,0.6235,3.22,7.552888500071921,0.08433734939759034,19577.071356268192,26.666666666666668,52711.66666666666,2.333333333333333,0.0046406511990849525,0.001106726130179725,-0.001127446325176121,0.02166680443991376,0.0009225912504507668,-0.004274378762073084
1130563500,서울특별시 강북구 수유3동,11305,12.368500000000001,12.4456,5.55,높음,9.968018402250731,0.16005,0.7607,2.91,7.364404914879219,0.05128205128205128,21332.169676937774,51.0,82044.33333333333,2.6666666666666665,-0.007429221307517296,-0.0002386843489835474,-0.0050982245317210345,0.03904509519379026,-0.003052704260105598,-0.0006951929693535412
1159056000,서울특별시 동작구 상도4동,11590,13.1925,12.4412,5.54,보통,9.998029454368206,0.1704,0.5743,2.8,7.173242865924149,0.07777777777777777,21982.10437570961,29.0,39092.0,2.333333333333333,-0.011648405352171844,-0.0010412779201270555,0.0002964770550134548,0.04521158546129485,-0.007084491082405858,-0.003564116659281075
1144072000,서울특별시 마포구 성산1동,11440,11.1548,12.4394,5.54,보통,9.962580879720543,0.1285,0.6235,3.22,7.630218513876136,0.013513513513513513,21216.484890529475,23.666666666666668,50776.333333333336,0.3333333333333333,-0.0066647726566663405,0.0022078690007341028,-0.001127446325176121,0.02166680443991376,0.002553553736615629,0.0033943364404385424
1120065000,서울특별시 성동구 성수1가1동,11200,17.622,12.4332,5.53,보통,9.837750948075456,0.1143,0.75,3.32,7.394113411874785,0.058823529411764705,18726.54938922853,33.0,55263.0,2.0,0.010884777216848157,0.003309011871288481,-0.004788550138061918,0.01606090419672781,-0.0024261242074654333,-0.001511774664778836
1114059000,서울특별시 중구 광희동,11140,21.27,12.4357,5.53,보통,10.065109993652182,0.1145,0.5778,3.2,9.136382815859829,0.2091503267973856,23507.3273727984,50.0,473591.6666666667,10.666666666666666,-0.021079102414904155,0.0032935028167736303,0.0001951816926015963,0.022787984488550954,0.03431997085837498,-0.017788969793589706
1130564500,서울특별시 강북구 우이동,11305,13.4419,12.4303,5.52,보통,9.8441362333052,0.2222,0.7607,2.91,6.900373671448977,0.08860759493670886,18846.512726200875,25.33333333333333,26113.33333333333,2.333333333333333,0.009987084811515393,-0.00505812303947331,-0.0050982245317210345,0.03904509519379026,-0.012839558202215096,-0.004736755537850886
1135062400,서울특별시 노원구 중계4동,11350,16.1379,12.4266,5.52,보통,9.700066298887931,0.2115,0.646,3.44,6.870737016701129,0.03658536585365854,16317.68907308952,26.33333333333333,26312.666666666668,1.0,0.030241541943787198,-0.004228388622928812,-0.0017786307978237919,0.009333823904904642,-0.013464623034500524,0.0008961455053898979
1156051500,서울특별시 영등포구 영등포본동,11560,14.9187,12.4135,5.5,보통,9.839985981403892,0.1554,0.554,3.37,7.224158843068057,0.034482758620689655,18768.4528966976,28.0,39764.333333333336,1.0,0.0105705590774209,0.00012190116848672338,0.0008839901570022426,0.01325795407513481,-0.006010625391932964,0.0011238131521800457
1117063000,서울특별시 용산구 이촌1동,11170,7.4996,12.4117,5.5,보통,10.139964674803933,0.1716,0.7379,2.75,8.045988841593983,0.06666666666666667,25334.571485352983,19.0,62405.0,1.3333333333333333,-0.031602748008764225,-0.0011343322472161582,-0.004438357599438059,0.04801453558288782,0.011322539722899302,-0.0023610196280211423
1144068000,서울특별시 마포구 합정동,11440,16.3304,12.4065,5.49,보통,9.99157579838285,0.1093,0.6235,3.22,7.604491465892349,0.00909090909090909,21840.68979393195,35.666666666666664,73560.33333333333,0.3333333333333333,-0.010741100861262447,0.0036967382341597413,-0.001127446325176121,0.02166680443991376,0.002010946176146884,0.0038732104430530614
1162064500,서울특별시 관악구 서원동,11620,21.7039,12.3976,5.48,보통,9.997126548484813,0.1293,0.5979,3.15,7.7295637074458,0.06164383561643837,21962.26465947962,47.66666666666666,110649.0,3.0,-0.011521467913186862,0.0021458327826747014,-0.0003865431029636573,0.025590934610143952,0.004648837002737058,-0.0018171538467666526
1135061900,서울특별시 노원구 중계본동,11350,9.0354,12.4001,5.48,보통,9.935977821714019,0.1065,0.646,3.44,8.290088414968453,0.10169491525423728,20659.47681847668,18.666666666666668,78336.0,2.0,-0.0029247105808423613,0.003913864997367646,-0.0017786307978237919,0.009333823904904642,0.016470828562864696,-0.006153833997755849
1123060000,서울특별시 동대문구 답십리1동,11230,7.7252,12.3899,5.47,보통,10.01852984890482,0.153,0.6955,3.25,8.106706404850739,0.01818181818181818,22437.41779495997,17.333333333333332,60786.66666666666,0.3333333333333333,-0.01453050815881214,0.0003080098226649292,-0.0032112366376486692,0.01998503436695798,0.012603130053244139,0.0028888583265676607
1126052000,서울특별시 중랑구 면목2동,11260,14.7461,12.3927,5.47,보통,9.931654356505462,0.1803,0.5997,3.26,7.5494411779211665,0.021276595744680854,20570.34478422489,30.33333333333333,59492.0,0.6666666666666666,-0.0023168846587733913,-0.0018089761186121495,-0.00043863786077547165,0.019424444342639395,0.0008498839945094865,0.0025537597337215666
1129057500,서울특별시 성북구 동선동,11290,15.8253,12.3909,5.47,보통,10.120841233746157,0.1186,0.6333,2.79,7.603848528838284,0.06611570247933883,24854.67147229804,39.333333333333336,80864.33333333333,2.6666666666666665,-0.028914227890441634,0.0029755671992191977,-0.001411073339929327,0.04577217548561343,0.001997386030938588,-0.002301361923991723
1156071000,서울특별시 영등포구 대림2동,11560,18.8629,12.3897,5.47,보통,9.828547003304598,0.1624,0.554,3.37,7.143046964231995,0.0462962962962963,18554.97286062591,35.0,45514.0,1.6666666666666667,0.012178738413979108,-0.0004209157395330389,0.0008839901570022426,0.01325795407513481,-0.007721350957027299,-0.00015534173737793053
1120061500,서울특별시 성동구 금호2·3가동,11200,12.0167,12.3792,5.46,보통,9.929541651192599,0.1726,0.75,3.32,7.978667080960339,0.051948051948051945,20526.929472834792,24.666666666666668,74870.66666666667,1.3333333333333333,-0.0020198643306557802,-0.0012118775197904102,-0.004788550138061918,0.01606090419672781,0.009902660678599158,-0.0007673066775209697
1130560300,서울특별시 강북구 번2동,11305,12.368500000000001,12.3802,5.46,보통,9.968018402250731,0.16005,0.7607,2.91,6.927894402188677,0.014925373134328361,21332.169676937774,21.33333333333333,22765.33333333333,0.3333333333333333,-0.007429221307517296,-0.0002386843489835474,-0.0050982245317210345,0.03904509519379026,-0.01225912019088956,0.003241462069786312
1159062000,서울특별시 동작구 사당1동,11590,14.4639,12.3612,5.43,보통,10.094073830976862,0.149,0.5743,2.8,7.457518456157353,0.08333333333333333,24198.17524979076,35.0,62346.333333333336,3.0,-0.02515106096650397,0.0006181909129619374,0.0002964770550134548,0.04521158546129485,-0.0010888523828371719,-0.004165665174911043
1130562500,서울특별시 강북구 수유2동,11305,12.368500000000001,12.3628,5.43,보통,9.968018402250731,0.16005,0.7607,2.91,7.028939929986849,0.047619047619047616,21332.169676937774,27.0,31579.33333333333,1.3333333333333333,-0.007429221307517296,-0.0002386843489835474,-0.0050982245317210345,0.03904509519379026,-0.01012797528186635,-0.00029856757443268384
1120079000,서울특별시 성동구 용답동,11200,19.95,12.3529,5.42,보통,9.88923572563434,0.1496,0.75,3.32,7.63982513082821,0.0743801652892562,19715.98499276747,39.333333333333336,83828.0,3.0,0.003646652036540185,0.0005716637494173848,-0.004788550138061918,0.01606090419672781,0.002756166294107948,-0.0031962274844329975
1120057000,서울특별시 성동구 행당2동,11200,4.9333,12.3561,5.42,보통,9.847969569519066,0.1664,0.75,3.32,7.388108392880297,0.06451612903225806,18918.9002334607,9.333333333333334,16695.0,0.6666666666666666,0.00944816498531171,-0.0007310968298300471,-0.004788550138061918,0.01606090419672781,-0.0025527756876205197,-0.0021281621380998647
1121583000,서울특별시 광진구 자양2동,11215,12.4222,12.3453,5.41,보통,9.961735510110557,0.156,0.6359,3.27,7.571285240960191,0.02439024390243903,21198.555853002184,26.33333333333333,53044.0,0.6666666666666666,-0.006545924108593985,7.537400494217299e-05,-0.0014863213234352815,0.018863854318320786,0.0013105957622879057,0.0022166178567727523
1162062500,서울특별시 관악구 인헌동,11620,10.9448,12.3362,5.4,보통,10.088354470346253,0.1395,0.5979,3.15,8.011132619501081,0.03658536585365854,24060.166476746723,26.33333333333333,82364.33333333333,1.0,-0.024346989352358874,0.0013548710024173297,-0.0003865431029636573,0.025590934610143952,0.010587389322087457,0.0008961455053898979
1123071000,서울특별시 동대문구 회기동,11230,9.4691,12.3345,5.39,보통,9.924184171674705,0.123,0.6955,3.25,7.819188329765483,0.1475409836065574,20417.245588073147,19.33333333333333,50566.66666666666,3.0,-0.0012666687408117469,0.002634367999892489,-0.0032112366376486692,0.01998503436695798,0.006539104308393866,-0.01111798818342132
1121584000,서울특별시 광진구 자양3동,11215,7.9442,12.3322,5.39,보통,10.082374843962583,0.1418,0.6359,3.27,8.23338803843518,0.016666666666666666,23916.718999445053,19.0,75271.33333333333,0.3333333333333333,-0.023506327581081402,0.0011765168754965505,-0.0014863213234352815,0.018863854318320786,0.01527496446653434,0.00305291701264856
1162058500,서울특별시 관악구 낙성대동,11620,15.516,12.3214,5.38,보통,10.079430403035891,0.0934,0.5979,3.15,7.852688024384079,0.061403508771929814,23846.39826717613,37.0,97722.33333333331,2.333333333333333,-0.023092375476713407,0.004929708068090348,-0.0003865431029636573,0.025590934610143952,0.007245644273060622,-0.0017911315605822254
1135067000,서울특별시 노원구 상계5동,11350,11.2105,12.3257,5.38,보통,9.822063606575648,0.2241,0.646,3.44,7.55094430584606,0.07692307692307693,18435.056280312954,20.666666666666668,41200.0,1.6666666666666667,0.013090224086886293,-0.0052054590573643875,-0.0017786307978237919,0.009333823904904642,0.0008815863715918808,-0.0034715707337995435
1153080000,서울특별시 구로구 항동,11530,12.368500000000001,12.3181,5.37,보통,9.968018402250731,0.16005,0.5993,3.43,7.996507522576268,0.043478260869565216,21332.169676937774,6.666666666666667,22766.666666666668,0.3333333333333333,-0.007429221307517296,-0.0002386843489835474,-0.00042706124792840324,0.009894413929223226,0.010278932317265404,0.00014979156765176346
1132051300,서울특별시 도봉구 창3동,11320,19.5158,12.3159,5.37,보통,9.25147423981261,0.2055,0.65,4.79,7.000391432216564,0.03125000000000001,10418.915853684495,20.33333333333333,23382.666666666668,0.6666666666666666,0.09330805659980779,-0.0037631169874833,-0.001894396926294489,-0.06634582937810593,-0.010730089863373865,0.0014738521591198966
1162057500,서울특별시 관악구 행운동,11620,17.1665,12.317,5.37,보통,10.056302776637695,0.142,0.5979,3.15,7.753815439937397,0.04065040650406504,23301.193497298034,40.0,95507.33333333331,1.6666666666666667,-0.01984091625069108,0.0011610078209817018,-0.0003865431029636573,0.025590934610143952,0.005160328776402615,0.00045598805492894713
1174054000,서울특별시 강동구 명일2동,11740,8.641,12.3187,5.37,보통,9.692945371444463,0.1647,0.5642,4.1,7.691798872589087,0.0,16201.897632741991,14.0,32839.666666666664,0.0,0.03124265657765669,-0.0005992698664538204,0.0005887865294019652,-0.027665117700122734,0.0038523412319816895,0.004857562559538462
1156068000,서울특별시 영등포구 신길6동,11560,9.1895,12.3031,5.35,보통,9.919072682524558,0.1444,0.554,3.37,7.806185767097668,0.13559322033898302,20313.144230422124,18.666666666666668,48276.66666666666,2.6666666666666665,-0.0005480563648674529,0.0009748991668034961,0.0008839901570022426,0.01325795407513481,0.006264868072138883,-0.009824299516853952
1162068500,서울특별시 관악구 신사동,11620,16.997,12.2905,5.34,보통,9.923130066431886,0.1492,0.5979,3.15,6.677789443297449,0.018691588785046728,20395.733948107714,34.666666666666664,28303.666666666668,0.6666666666666666,-0.0011184745354077292,0.0006026818584470865,-0.0003865431029636573,0.025590934610143952,-0.017534068241308324,0.0028336610116245545
1121573000,서울특별시 광진구 군자동,11215,13.7596,12.2914,5.34,보통,9.967373264184994,0.1101,0.6359,3.27,7.445950176465487,0.06593406593406595,21318.41127562773,29.33333333333333,51928.0,2.0,-0.007338522846733504,0.0036347020161003386,-0.0014863213234352815,0.018863854318320786,-0.0013328382465234846,-0.0022816945490369725
1120066000,서울특별시 성동구 성수1가2동,11200,17.2555,12.2846,5.33,보통,9.917605524038837,0.1049,0.75,3.32,7.16254104145989,0.027777777777777776,20283.36201429221,35.0,46410.66666666666,1.0,-0.0003417919643492595,0.00403793743348645,-0.004788550138061918,0.01606090419672781,-0.007310202593060955,0.0018498199813886268
1150064100,서울특별시 강서구 방화3동,11500,12.0506,12.2763,5.32,보통,9.717017359572592,0.2045,0.4572,3.62,7.064338372241426,0.12698412698412698,16596.665958888283,20.0,24538.666666666668,2.6666666666666665,0.02785843173156474,-0.003685571714909048,0.0036855304659931154,-0.0007567965328301106,-0.009381388949526361,-0.008892117797717928
1135066500,서울특별시 노원구 상계3·4동,11350,16.1338,12.2626,5.3,보통,9.91582678364791,0.2389,0.646,3.44,7.896762633636895,0.05940594059405941,20247.313470278383,32.666666666666664,90481.33333333331,2.0,-9.172298817324085e-05,-0.006353129091463317,-0.0017786307978237919,0.009333823904904642,0.008175219101091999,-0.0015748374095740573
1162063000,서울특별시 관악구 남현동,11620,13.0485,12.259,5.29,보통,10.064889466561025,0.1555,0.5979,3.15,7.6444004493384305,0.042105263157894736,23502.143721333698,30.666666666666668,66117.33333333333,1.3333333333333333,-0.02104809902386069,0.00011414664122929903,-0.0003865431029636573,0.025590934610143952,0.002852664050739918,0.000298458020027133
1132070000,서울특별시 도봉구 방학2동,11320,31.8339,12.2464,5.28,보통,9.351763833915562,0.249,0.65,4.79,7.491220920613556,0.01769911504424779,11518.123357505458,36.66666666666666,67470.0,0.6666666666666666,0.07920857572763707,-0.007136336344463262,-0.001894396926294489,-0.06634582937810593,-0.0003780358122034262,0.0029411248106288312
1144055500,서울특별시 마포구 아현동,11440,5.2644,12.2533,5.28,보통,10.188468129626063,0.1205,0.6235,3.22,8.664758425191284,0.06666666666666667,26593.72401048035,14.0,86910.66666666667,1.0,-0.03842173595677404,0.0028282311813281192,-0.001127446325176121,0.02166680443991376,0.024372970322616178,-0.0023610196280211423
1130553400,서울특별시 강북구 삼양동,11305,12.2964,12.2369,5.26,보통,10.033286095607078,0.2155,0.7607,2.91,7.233189812165641,0.05747126436781609,22770.97963127729,28.0,40125.333333333336,1.6666666666666667,-0.01660505457596039,-0.0045385697132258205,-0.0050982245317210345,0.03904509519379026,-0.0058201537873479115,-0.0013653531193922313
1162056500,서울특별시 관악구 성현동,11620,9.9181,12.2191,5.24,보통,10.022107904913192,0.1749,0.5979,3.15,7.206250110854407,0.028571428571428574,22517.847515784208,22.33333333333333,31426.0,0.6666666666666666,-0.01503353873442512,-0.0013902316467111898,-0.0003865431029636573,0.025590934610143952,-0.006388337343325935,0.001763884479155774
1126054000,서울특별시 중랑구 면목4동,11260,12.2865,12.2031,5.22,보통,9.730424281195758,0.1916,0.5997,3.26,5.488746989595088,0.015384615384615384,16820.687932478166,20.666666666666668,5220.666666666667,0.3333333333333333,0.025973583790247307,-0.0026852376987011976,-0.00043863786077547165,0.019424444342639395,-0.04261208828868452,0.0031917359008708603
1135057000,서울특별시 노원구 월계2동,11350,8.1934,12.2077,5.22,보통,9.879652651760612,0.2198,0.646,3.44,7.269316305768422,0.0392156862745098,19527.938141557497,16.0,24387.666666666668,0.6666666666666666,0.004993914112808236,-0.004872014385295104,-0.0017786307978237919,0.009333823904904642,-0.005058212169543627,0.00061133774332693
1121586000,서울특별시 광진구 구의2동,11215,13.3356,12.1968,5.21,보통,9.940179893000586,0.1589,0.6359,3.27,6.739487985105259,0.0,20746.47627582788,27.666666666666668,24198.33333333333,0.0,-0.0035154700136468407,-0.00014950728552315886,-0.0014863213234352815,0.018863854318320786,-0.016232788153677874,0.004857562559538462
1121585000,서울특별시 광진구 구의1동,11215,12.7231,12.1907,5.2,보통,10.090137563185314,0.1254,0.6359,3.27,7.699971117648935,0.021052631578947368,24103.10804341339,30.666666666666668,69897.33333333333,0.6666666666666666,-0.02459767022909899,0.002448259345714283,-0.0014863213234352815,0.018863854318320786,0.004024701541577701,0.002578010289782797
1154567000,서울특별시 금천구 시흥1동,11545,19.3953,12.1932,5.2,보통,10.228137839687186,0.1671,0.6476,3.1,8.583285763537154,0.06707317073170732,27669.93434606987,53.66666666666666,291954.3333333333,3.6666666666666665,-0.04399880826636172,-0.0007853785206320239,-0.0018249372492120687,0.02839388473173693,0.022654635509663547,-0.002405035373067238
1135071000,서울특별시 노원구 상계9동,11350,5.7087,12.1866,5.19,보통,9.770984773269316,0.1804,0.646,3.44,6.116627690061988,0.0,17517.009994832606,10.0,4975.666666666667,0.0,0.02027127850850589,-0.001816730645869576,-0.0017786307978237919,0.009333823904904642,-0.029369495692734164,0.004857562559538462
1156072000,서울특별시 영등포구 대림3동,11560,17.184,12.1818,5.19,보통,10.09610384236781,0.1629,0.554,3.37,8.169351883630599,0.05468750000000001,24247.34974670669,41.66666666666666,150615.66666666666,2.333333333333333,-0.025436455548394295,-0.00045968837582016495,0.0008839901570022426,0.01325795407513481,0.013924381929345836,-0.001063930641194027
1123066000,서울특별시 동대문구 장안2동,11230,12.2439,12.1749,5.18,보통,10.24146284159975,0.1525,0.6955,3.25,8.861276551537628,0.03773584905660377,28041.11711257278,34.333333333333336,249187.66666666663,1.3333333333333333,-0.04587213930602049,0.00034678245895205525,-0.0032112366376486692,0.01998503436695798,0.02851772183829256,0.0007715726420518934
1123061000,서울특별시 동대문구 답십리2동,11230,9.2812,12.1776,5.18,보통,9.994656549390804,0.1873,0.6955,3.25,7.401402952970394,0.046875000000000014,21908.082358333337,20.33333333333333,34928.666666666664,1.0,-0.011174216483048382,-0.002351793026631914,-0.0032112366376486692,0.01998503436695798,-0.0022723809519890202,-0.00021800304108938646
1150056000,서울특별시 강서구 화곡3동,11500,10.5348,12.1694,5.17,보통,9.834638161493436,0.1845,0.4572,3.62,6.70845819165955,0.0,18668.34516044396,19.666666666666668,16911.666666666668,0.0,0.01132239664551287,-0.0021346662634240086,0.0036855304659931154,-0.0007567965328301106,-0.01688723558713531,0.004857562559538462
1130553500,서울특별시 강북구 미아동,11305,14.9871,12.1612,5.16,보통,10.029551829906909,0.2034,0.7607,2.91,6.6720570560805905,0.019047619047619046,22686.1015860353,34.0,27615.666666666668,0.6666666666666666,-0.0160800628429488,-0.003600271915077372,-0.0050982245317210345,0.03904509519379026,-0.017654969661687458,0.002795110505950003
1111065000,서울특별시 종로구 혜화동,11110,14.7839,12.1596,5.16,보통,10.338202591876113,0.105,0.3906,2.58,7.135579288414772,0.05,30889.457359597887,45.66666666666666,58560.333333333336,2.333333333333333,-0.05947255588762485,0.004030182906229024,0.005613036505030223,0.05754456599630396,-0.007878851240779569,-0.0005563740811312417
1150057000,서울특별시 강서구 화곡4동,11500,13.6562,12.1562,5.15,보통,9.774257718649107,0.1837,0.4572,3.62,6.593738357318402,0.06666666666666667,17574.439415120087,24.0,18237.666666666668,1.6666666666666667,0.019811142726814973,-0.0020726300453646073,0.0036855304659931154,-0.0007567965328301106,-0.01930678444048444,-0.0023610196280211423
1153072000,서울특별시 구로구 고척1동,11530,13.4601,12.157,5.15,보통,10.033827899958448,0.1594,0.5993,3.43,7.801679847876939,0.042105263157894736,22783.32093191412,30.666666666666668,77384.0,1.3333333333333333,-0.016681225590081287,-0.00018827992181028272,-0.00042706124792840324,0.009894413929223226,0.006169834011582471,0.000298458020027133
1129055500,서울특별시 성북구 삼선동,11290,12.4015,12.1432,5.14,보통,10.158295356254472,0.1345,0.6333,2.79,6.926418417933861,0.06060606060606061,25803.27245561317,32.0,33588.666666666664,2.0,-0.034179815896988194,0.0017425973652885902,-0.001411073339929327,0.04577217548561343,-0.01229025008252349,-0.0017047848836975422
1129081000,서울특별시 성북구 석관동,11290,13.7056,12.1491,5.14,보통,10.203491143355162,0.1972,0.6333,2.79,7.395182978003423,0.04385964912280702,26996.27309366812,37.0,61830.66666666666,1.6666666666666667,-0.04053378653002045,-0.003119491225117008,-0.001411073339929327,0.04577217548561343,-0.0024035660551198464,0.0001084953308808269
1123054500,서울특별시 동대문구 제기동,11230,17.8337,12.1373,5.13,보통,10.378164735761011,0.2119,0.6955,3.25,10.061160918372103,0.08,32148.90374610625,57.333333333333336,1365856.0,4.666666666666667,-0.06509074078861918,-0.004259406731958514,-0.0032112366376486692,0.01998503436695798,0.05382440799765866,-0.0038047360655330633
1126057500,서울특별시 중랑구 면목3·8동,11260,16.782,12.1357,5.13,보통,9.91644153839213,0.1823,0.5997,3.26,6.646019388474941,0.05714285714285714,20259.765043986536,34.0,26905.0,2.0,-0.00017814992842293183,-0.0019640666637606536,-0.00043863786077547165,0.019424444342639395,-0.018204128481179742,-0.0013297936012269132
1114052000,서울특별시 중구 소공동,11140,10.7873,12.1349,5.12,보통,10.244249935498406,0.0709,0.5778,3.2,8.427298745546848,0.09574468085106384,28119.38214141193,30.33333333333333,143166.33333333334,3.0,-0.04626397035753216,0.006674476701011018,0.0001951816926015963,0.022787984488550954,0.019364723066158374,-0.005509550156637568
1121584700,서울특별시 광진구 자양4동,11215,15.4499,12.1163,5.1,보통,10.17818502967646,0.1416,0.6359,3.27,8.112623682139686,0.03200000000000001,26321.649089628823,40.66666666666666,138971.66666666666,1.3333333333333333,-0.03697605884198564,0.0011920259300114014,-0.0014863213234352815,0.018863854318320786,0.012727930978573635,0.001392643109509851
1138053000,서울특별시 은평구 불광2동,11380,11.3474,12.1082,5.09,보통,9.959450078196504,0.2025,0.5835,3.41,7.598813612753206,0.12,21150.16103408843,24.0,49870.66666666666,3.0,-0.006224620549186144,-0.0035304811697605457,3.021495953085168e-05,0.011015593977860422,0.001891194930591169,-0.008135885378068827
1121577000,서울특별시 광진구 중곡4동,11215,11.8845,12.1132,5.09,보통,10.113872633049194,0.186,0.6359,3.27,8.00907087014025,0.06593406593406595,24682.064336359643,29.33333333333333,91216.0,2.0,-0.027934528519719656,-0.002250984172285387,-0.0014863213234352815,0.018863854318320786,0.010543905095226944,-0.0022816945490369725
1138055200,서울특별시 은평구 갈현2동,11380,13.9409,12.0841,5.06,보통,10.020237495834897,0.169,0.5835,3.41,7.276085744001766,0.02061855670103093,22475.76742471797,31.33333333333333,46699.66666666666,0.6666666666666666,-0.014770582270612096,-0.0009327145385231038,3.021495953085168e-05,0.011015593977860422,-0.004915438371016352,0.002625011367509718
1114055000,서울특별시 중구 명동,11140,15.1319,12.09,5.06,보통,10.488699615257113,0.0731,0.5778,3.2,9.768468651365255,0.07228915662650602,35906.43353352438,54.333333333333336,966838.6666666666,4.0,-0.08063058251500141,0.006503877101347664,0.0001951816926015963,0.022787984488550954,0.04765125369450114,-0.002969815716128579
1153075000,서울특별시 구로구 개봉2동,11530,7.3652,12.0828,5.05,보통,10.066241612734402,0.1946,0.5993,3.43,7.640796023203759,0.0,23533.94490225619,17.333333333333332,38140.66666666666,0.0,-0.021238194110777958,-0.002917873516423954,-0.00042706124792840324,0.009894413929223226,0.0027766433244966054,0.004857562559538462
1174056000,서울특별시 강동구 고덕2동,11740,7.1708,12.076,5.04,보통,9.948418258125614,0.1586,0.5642,4.1,8.428931032524956,0.0,20918.10757072179,15.0,73225.66666666667,0.0,-0.004673682613241609,-0.0001262437037508815,0.0005887865294019652,-0.027665117700122734,0.019399149528756574,0.004857562559538462
1147052000,서울특별시 양천구 목2동,11470,10.4473,12.0636,5.03,보통,10.042093639619996,0.1514,0.6145,3.1,6.389121472768335,0.0,22972.4306863992,24.0,14858.333333333334,0.0,-0.017843286712122517,0.00043208225878373156,-0.0008669725361170523,0.02839388473173693,-0.023622346359068985,0.004857562559538462
1150052000,서울특별시 강서구 등촌1동,11500,16.336,12.0635,5.03,보통,10.00974677885602,0.1307,0.4572,3.62,7.4927404041864385,0.044642857142857144,22241.202547188863,36.333333333333336,66974.66666666667,1.6666666666666667,-0.013295716760365903,0.0020372694010707478,0.0036855304659931154,-0.0007567965328301106,-0.0003459884791719195,2.369055894051242e-05
1121582000,서울특별시 광진구 자양1동,11215,12.3298,12.0566,5.02,보통,10.110608211067284,0.1336,0.6359,3.27,7.50724623035598,0.053191489361702135,24601.61977249818,30.33333333333333,57032.66666666666,1.6666666666666667,-0.027475591022720798,0.001812388110605418,-0.0014863213234352815,0.018863854318320786,-4.004700639202976e-05,-0.0009019445050037764
1120056000,서울특별시 성동구 행당1동,11200,11.384,12.0532,5.01,보통,9.997055304312155,0.1234,0.75,3.32,6.781595913467453,0.01282051282051282,21960.699960598617,25.0,22892.33333333333,0.3333333333333333,-0.011511451860588176,0.002603349890862788,-0.004788550138061918,0.01606090419672781,-0.01534469246934589,0.0034693736773154607
1117068500,서울특별시 용산구 한남동,11170,21.9075,12.0334,4.99,보통,10.347940855226758,0.1192,0.7379,2.75,7.479223623948279,0.009615384615384616,31191.74626393741,68.33333333333333,122710.66666666669,0.6666666666666666,-0.06084163569165347,0.002929040035674646,-0.004438357599438059,0.04801453558288782,-0.0006310700460521156,0.003816420897871211
1135056000,서울특별시 노원구 월계1동,11350,13.1224,12.0144,4.96,보통,10.026086584328654,0.1714,0.646,3.44,7.220938226899464,0.021739130434782608,22607.62126290939,29.666666666666668,41914.333333333336,0.6666666666666666,-0.015592892023433627,-0.0011188231927013075,-0.0017786307978237919,0.009333823904904642,-0.0060785512061790415,0.002503677063595113
1138060000,서울특별시 은평구 응암3동,11380,14.4059,11.9924,4.93,보통,10.107568152944761,0.1933,0.5835,3.41,7.5276015011147095,0.009174311926605503,24526.93995143741,35.333333333333336,67494.33333333333,0.3333333333333333,-0.027048196319090938,-0.002817064662077427,3.021495953085168e-05,0.011015593977860422,0.00038926473648790154,0.00386417968969081
1123074000,서울특별시 동대문구 이문1동,11230,9.9532,11.9781,4.91,보통,10.10433707755466,0.1127,0.6955,3.25,6.901856335428299,0.013157894736842106,24447.81622449054,24.33333333333333,25159.0,0.3333333333333333,-0.026593946941907278,0.0034330843074072844,-0.0032112366376486692,0.01998503436695798,-0.012808287428929272,0.0034328423909411715
1126062000,서울특별시 중랑구 묵1동,11260,11.8033,11.9787,4.91,보통,10.154248468554902,0.1835,0.5997,3.26,7.59797797463576,0.053191489361702135,25699.05648022197,30.33333333333333,62452.333333333336,1.6666666666666667,-0.03361087336389418,-0.0020571209908497564,-0.00043863786077547165,0.019424444342639395,0.0018735705393035243,-0.0009019445050037764
1156055000,서울특별시 영등포구 당산1동,11560,13.0578,11.9598,4.89,보통,10.09625859167672,0.1349,0.554,3.37,7.228677204643612,0.06122448979591836,24251.10245242904,31.666666666666668,44995.0,2.0,-0.02545821139395811,0.0017115792562588906,0.0008839901570022426,0.01325795407513481,-0.005915328910448871,-0.0017717476127101536
1135062100,서울특별시 노원구 중계1동,11350,6.586,11.9527,4.88,보통,10.138842448596657,0.1162,0.646,3.44,7.607484523737723,0.03773584905660377,25306.155190793303,16.666666666666668,35549.0,0.6666666666666666,-0.031444976835341296,0.0031616758533974023,-0.0017786307978237919,0.009333823904904642,0.0020740725720257906,0.0007715726420518934
1130555500,서울특별시 강북구 송천동,11305,15.2659,11.9449,4.87,보통,10.190163280170713,0.2129,0.7607,2.91,6.952445621786096,0.024000000000000004,26638.844303411573,40.66666666666666,43529.333333333336,1.0,-0.03866005323079962,-0.004336952004532766,-0.0050982245317210345,0.03904509519379026,-0.011741311953400226,0.0022588729720170037
1138063100,서울특별시 은평구 신사1동,11380,13.5156,11.9374,4.86,보통,10.061806758329617,0.1757,0.5835,3.41,7.04983042670853,0.03061224489795918,23429.80194829876,31.666666666666668,37621.0,1.0,-0.02061470824057951,-0.001452267864770591,3.021495953085168e-05,0.011015593977860422,-0.00968737512166626,0.0015429074734141543
1120055000,서울특별시 성동구 사근동,11200,16.7833,11.9292,4.85,보통,10.078875697475903,0.0941,0.75,3.32,6.9134787062781005,0.04878048780487805,23833.17365098925,40.0,41194.333333333336,2.0,-0.023014390711666752,0.004875426377288371,-0.004788550138061918,0.01606090419672781,-0.012563160732012926,-0.0004243268459929561
1153079000,서울특별시 구로구 수궁동,11530,12.0776,11.9303,4.85,보통,10.02713923917726,0.1663,0.5993,3.43,6.673937311198619,0.0,22631.43286820415,27.33333333333333,22397.666666666668,0.0,-0.015740882321287168,-0.0007233423025726227,-0.00042706124792840324,0.009894413929223226,-0.017615313318554135,0.004857562559538462
1130566000,서울특별시 강북구 인수동,11305,13.8244,11.9324,4.85,보통,10.221526352633639,0.2204,0.7607,2.91,7.235643771911959,0.042735042735042736,27487.59176390102,38.0,54094.333333333336,1.6666666666666667,-0.043069314672515874,-0.004918541548839657,-0.0050982245317210345,0.03904509519379026,-0.005768397475769636,0.00023026628546179227
1174052600,서울특별시 강동구 상일제2동,11740,12.368500000000001,11.9232,4.84,낮음,9.968018402250731,0.16005,0.5642,4.1,7.961148292986492,0.0,21332.169676937774,10.0,31530.0,0.0,-0.007429221307517296,-0.0002386843489835474,0.0005887865294019652,-0.027665117700122734,0.009533173016787008,0.004857562559538462
1150059100,서울특별시 강서구 화곡6동,11500,17.5633,11.9224,4.84,낮음,9.928098426837762,0.1521,0.4572,3.62,6.378808496342143,0.02702702702702703,20497.32443356077,36.0,21764.33333333333,1.0,-0.0018169647739541496,0.0003778005679817547,0.0036855304659931154,-0.0007567965328301106,-0.02383985670006553,0.001931110321338622
1168069000,서울특별시 강남구 개포4동,11680,16.2202,11.9088,4.82,낮음,9.694978561413626,0.1402,0.5206,4.83,8.016559356913378,0.02439024390243903,16234.874714656113,26.33333333333333,82812.66666666667,0.6666666666666666,0.030956815126845,0.0013005893116153553,0.0018506373297325668,-0.06858818947538033,0.01070184430154901,0.0022166178567727523
1162069500,서울특별시 관악구 신림동,11620,19.9647,11.9031,4.81,낮음,10.241763284013086,0.1023,0.5979,3.15,7.40510098179291,0.07602339181286549,28049.54341965976,56.0,93671.0,4.333333333333333,-0.0459143778064143,0.004239555142179504,-0.0003865431029636573,0.025590934610143952,-0.002194386057308798,-0.0033741539701347707
1144065500,서울특별시 마포구 서강동,11440,13.6348,11.8924,4.8,낮음,10.20866899227616,0.111,0.6235,3.22,7.094562374722924,0.017543859649122806,27136.42342051492,37.0,45767.0,0.6666666666666666,-0.041261728271869046,0.0035649112707835124,-0.001127446325176121,0.02166680443991376,-0.00874393640291387,0.0029579356680754084
1156062000,서울특별시 영등포구 양평2동,11560,15.1934,11.8846,4.79,낮음,10.235092213281552,0.0985,0.554,3.37,7.723086054927368,0.061538461538461535,27863.03904405932,42.333333333333336,97886.66666666669,2.6666666666666665,-0.04497650748180617,0.004534227177961662,0.0008839901570022426,0.01325795407513481,0.004512217238479382,-0.0018057440751319419
1168073000,서울특별시 강남구 일원1동,11680,13.3125,11.8853,4.79,낮음,9.650226056809819,0.1938,0.5206,4.83,8.012441392267776,0.061538461538461535,15524.29730672307,20.666666666666668,65374.333333333336,1.3333333333333333,0.03724846570422561,-0.002855837298364553,0.0018506373297325668,-0.06858818947538033,0.010614992566680144,-0.0018057440751319419
1126059000,서울특별시 중랑구 상봉2동,11260,16.6596,11.8856,4.79,낮음,10.150810698665877,0.1502,0.5997,3.26,7.084066443086821,0.0534351145038168,25610.85729102984,42.66666666666666,52042.333333333336,2.333333333333333,-0.03312756528764969,0.0005251365858728345,-0.00043863786077547165,0.019424444342639395,-0.008965305440803536,-0.0009283239266734354
1159063000,서울특별시 동작구 사당2동,11590,12.4053,11.8775,4.78,낮음,10.372760677234128,0.1802,0.5743,2.8,7.361953302678572,0.04918032786885247,31975.63239058406,39.66666666666666,64005.66666666666,2.0,-0.0643309967641926,-0.0018012215913547252,0.0002964770550134548,0.04521158546129485,-0.0031044110597449105,-0.0004676210214481329
1138056000,서울특별시 은평구 구산동,11380,9.3387,11.8693,4.76,낮음,10.126093610176854,0.1876,0.5835,3.41,7.234364949978937,0.027397260273972608,24985.566268759096,23.33333333333333,33708.0,0.6666666666666666,-0.02965264728161027,-0.0023750566084041894,3.021495953085168e-05,0.011015593977860422,-0.0057953690292019775,0.0018910219345139663
1174052500,서울특별시 강동구 상일제1동,11740,12.368500000000001,11.868,4.76,낮음,9.968018402250731,0.16005,0.5642,4.1,7.881751307092269,0.027397260273972608,21332.169676937774,23.33333333333333,64422.66666666666,0.6666666666666666,-0.007429221307517296,-0.0002386843489835474,0.0005887865294019652,-0.027665117700122734,0.007858616151507104,0.0018910219345139663
1150064000,서울특별시 강서구 방화2동,11500,15.7566,11.8669,4.76,낮음,10.190789667018466,0.1737,0.4572,3.62,8.00840425189005,0.031007751937984496,26655.536378811863,42.0,129220.0,1.3333333333333333,-0.03874811550144157,-0.0012971773196220867,0.0036855304659931154,-0.0007567965328301106,0.010529845491391594,0.0015000824723014365
1153074000,서울특별시 구로구 개봉1동,11530,9.5759,11.8493,4.74,낮음,10.31841723117105,0.1924,0.5993,3.43,8.502503603560214,0.02222222222222222,30284.285036371908,29.0,147782.66666666666,0.6666666666666666,-0.05669097802498375,-0.0027472739167605986,-0.00042706124792840324,0.009894413929223226,0.020950864024411646,0.002451368497018594
1126056500,서울특별시 중랑구 면목본동,11260,16.6082,11.8272,4.71,낮음,10.199706376006551,0.1762,0.5997,3.26,7.2601018910906765,0.05109489051094891,26894.28781298217,44.66666666666666,64910.66666666666,2.333333333333333,-0.04000169488766546,-0.001491040501057717,-0.00043863786077547165,0.019424444342639395,-0.0052525528133901276,-0.0006749274382261991
1159060500,서울특별시 동작구 흑석동,11590,10.2807,11.8197,4.7,낮음,10.406464469050471,0.1379,0.5743,2.8,7.387603151417168,0.08571428571428572,33071.73378086791,34.0,56519.0,3.0,-0.06906933449787947,0.0014789434385361346,0.0002964770550134548,0.04521158546129485,-0.0025634317037296693,-0.004423471681609601
1162060500,서울특별시 관악구 은천동,11620,12.9181,11.8223,4.7,낮음,10.235266303258763,0.1656,0.5979,3.15,7.158745330334211,0.05405405405405406,27867.89031624818,36.0,47519.0,2.0,-0.04500098238696136,-0.0006690606117706459,-0.0003865431029636573,0.025590934610143952,-0.007390257699089695,-0.0009953419168612177
1135061100,서울특별시 노원구 하계1동,11350,9.8243,11.8029,4.67,낮음,10.130975774800712,0.1767,0.646,3.44,7.518973775398237,0.10389610389610389,25107.853067913027,24.666666666666668,47269.66666666666,2.6666666666666665,-0.030339019455558947,-0.001529813137344843,-0.0017786307978237919,0.009333823904904642,0.00020729791284148624,-0.006392175914580401
1120064500,서울특별시 성동구 옥수동,11200,7.1792,11.7977,4.67,낮음,10.218111219911885,0.1651,0.75,3.32,7.326900578652162,0.0,27393.87469389556,19.666666666666668,31406.33333333333,0.0,-0.04258918910298904,-0.0006302879754835199,-0.004788550138061918,0.01606090419672781,-0.003843705870550289,0.004857562559538462
1162072500,서울특별시 관악구 조원동,11620,13.0369,11.8012,4.67,낮음,10.235324682555861,0.1182,0.5979,3.15,6.989113055639219,0.07142857142857142,27869.51732996725,36.333333333333336,40460.333333333336,2.6666666666666665,-0.04500918979661462,0.003006585308248898,-0.0003865431029636573,0.025590934610143952,-0.01096796139859772,-0.0028766326414182567
1126061000,서울특별시 중랑구 중화2동,11260,17.8835,11.787,4.65,낮음,10.155143047889394,0.2028,0.5997,3.26,7.001181028010815,0.07092198581560283,25722.05750623181,46.0,51555.66666666666,3.333333333333333,-0.03373664019272751,-0.0035537447515328214,-0.00043863786077547165,0.019424444342639395,-0.010713436547845994,-0.0028217801931845203
1120069000,서울특별시 성동구 성수2가3동,11200,16.305,11.7875,4.65,낮음,10.432274882915058,0.0909,0.75,3.32,8.531799605935744,0.01775147928994083,33936.46627424491,55.333333333333336,285754.6666666667,1.0,-0.07269796057660285,0.005123571249525978,-0.004788550138061918,0.01606090419672781,0.02156874417881143,0.0029354548764604607
1132068100,서울특별시 도봉구 쌍문4동,11320,10.2425,11.7603,4.62,낮음,9.498827550508489,0.1896,0.65,4.79,6.708389287578924,0.09090909090909091,13343.072403538938,13.666666666666666,12001.0,1.3333333333333333,0.058533229719518375,-0.0025301471535526935,-0.001894396926294489,-0.06634582937810593,-0.016888688838791636,-0.004985958605315544
1135058000,서울특별시 노원구 월계3동,11350,5.1962,11.7553,4.61,낮음,10.101431829624804,0.1996,0.646,3.44,6.93197187109464,0.04878048780487805,24376.8894316139,12.666666666666666,13988.0,0.6666666666666666,-0.02618550488984479,-0.003305599879295214,-0.0017786307978237919,0.009333823904904642,-0.012173122549133464,-0.0004243268459929561
1121581000,서울특별시 광진구 광장동,11215,7.3107,11.7371,4.59,낮음,10.479131762481853,0.1177,0.6359,3.27,8.548871285386538,0.037037037037037035,35564.514818276926,26.0,139318.0,1.0,-0.07928546033757937,0.003045357944536024,-0.0014863213234352815,0.018863854318320786,0.02192880190271887,0.0008472391220053485
1150051000,서울특별시 강서구 염창동,11500,11.7453,11.744,4.59,낮음,10.321135979028595,0.1166,0.4572,3.62,8.154348604962895,0.027272727272727275,30366.73511988719,35.666666666666664,127507.33333333331,1.0,-0.057073200465472984,0.003130657744367702,0.0036855304659931154,-0.0007567965328301106,0.013607948717029904,0.00190450621008226
1162073500,서울특별시 관악구 대학동,11620,13.8793,11.7382,4.59,낮음,10.408616268650967,0.0989,0.5979,3.15,7.6350914403552235,0.03546099290780142,33142.9762985262,46.0,97222.33333333331,1.6666666666666667,-0.06937185100100528,0.004503209068931962,-0.0003865431029636573,0.025590934610143952,0.0026563283243113394,0.0010178911831769698
1120053500,서울특별시 성동구 왕십리도선동,11200,9.1673,11.6991,4.53,낮음,10.278143278042576,0.1328,0.75,3.32,7.210444658289826,0.0,29088.81168804585,26.666666666666668,37419.0,0.0,-0.05102895658735867,0.001874424328664819,-0.004788550138061918,0.01606090419672781,-0.006299870405625297,0.004857562559538462
1156060500,서울특별시 영등포구 문래동,11560,12.1197,11.6794,4.51,낮음,10.57976435642623,0.1339,0.554,3.37,9.219743285968605,0.04109589041095891,39329.84525012736,47.66666666666666,491215.6666666667,2.0,-0.09343316276001755,0.0017891245288331427,0.0008839901570022426,0.01325795407513481,0.03607812132141125,0.0004077516220017189
1141072000,서울특별시 서대문구 북가좌2동,11410,13.2387,11.6669,4.49,낮음,10.441270417772904,0.1753,0.6647,2.75,7.023534710041691,0.06474820143884892,34243.129165547674,45.333333333333336,51974.333333333336,3.0,-0.0739626219085945,-0.0014212497557408914,-0.0023198374484242994,0.04801453558288782,-0.010241976437773836,-0.0021532906442064776
1154561000,서울특별시 금천구 독산1동,11545,17.8284,11.6616,4.48,낮음,10.514165715270368,0.1283,0.6476,3.1,8.146343979778747,0.04999999999999999,36832.598681568415,65.66666666666667,229982.66666666663,3.333333333333333,-0.08421080230985946,0.0022233780552489537,-0.0018249372492120687,0.02839388473173693,0.013439123667752028,-0.0005563740811312402
1138052000,서울특별시 은평구 불광1동,11380,13.4054,11.6537,4.47,낮음,10.252305240549228,0.2164,0.5835,3.41,7.742149734533433,0.1111111111111111,28346.81518919214,38.0,89794.33333333333,4.333333333333333,-0.047396446966889876,-0.004608360458542648,3.021495953085168e-05,0.011015593977860422,0.004914288113113873,-0.007173407753060878
1174055000,서울특별시 강동구 고덕1동,11740,7.3803,11.6503,4.47,낮음,10.120281997175617,0.1241,0.5642,4.1,7.923023439268161,0.03448275862068966,24840.775157851163,18.33333333333333,53342.66666666666,0.6666666666666666,-0.02883560612115565,0.0025490682000608115,0.0005887865294019652,-0.027665117700122734,0.008729084110731089,0.0011238131521800452
1153051000,서울특별시 구로구 신도림동,11530,10.2243,11.6511,4.47,낮음,10.411963850453748,0.1261,0.5993,3.43,7.9684448054448715,0.0,33254.114388591704,34.0,101057.66666666669,0.0,-0.0698424797438826,0.0023939776549123087,-0.00042706124792840324,0.009894413929223226,0.00968706330483974,0.004857562559538462
1121587000,서울특별시 광진구 구의3동,11215,8.4837,11.6486,4.47,낮음,10.330323252432349,0.1322,0.6359,3.27,7.124736673268603,0.012345679012345678,30647.01734836245,26.0,33515.666666666664,0.3333333333333333,-0.058364817873861864,0.0019209514922093696,-0.0014863213234352815,0.018863854318320786,-0.008107532158904023,0.0035207880803607575
1159051000,서울특별시 동작구 노량진1동,11590,13.3823,11.6512,4.47,낮음,10.473647694743498,0.1286,0.5743,2.8,6.928125696373467,0.04827586206896551,35370.00496595706,47.333333333333336,49279.66666666666,2.333333333333333,-0.07851446800412508,0.0022001144734766784,0.0002964770550134548,0.04521158546129485,-0.012254241979699591,-0.0003696866107633198
1123065000,서울특별시 동대문구 장안1동,11230,15.1861,11.6397,4.45,낮음,10.460283603374373,0.1535,0.6955,3.25,8.346800205487556,0.06790123456790123,34900.448211963245,53.0,227646.0,3.6666666666666665,-0.07663564146864735,0.00026923718637780313,-0.0032112366376486692,0.01998503436695798,0.01766693339085653,-0.0024946970759389124
1129070500,서울특별시 성북구 종암동,11290,9.6343,11.6079,4.41,낮음,10.555955880106445,0.1628,0.6333,2.79,7.50289302599285,0.05263157894736842,38404.497028193226,37.0,68866.66666666667,2.0,-0.09008598442642363,-0.00045193384856274065,-0.001411073339929327,0.04577217548561343,-0.00013186016743516545,-0.0008413181148506992
1147065000,서울특별시 양천구 신정4동,11470,13.9286,11.6068,4.41,낮음,10.397793465260078,0.1602,0.6145,3.1,7.365586914880607,0.07857142857142858,32786.199703447965,45.66666666666666,73716.66666666667,3.6666666666666665,-0.06785029823416032,-0.0002503161398696861,-0.0008669725361170523,0.02839388473173693,-0.0030277747719796577,-0.00365005216151393
1159066000,서울특별시 동작구 대방동,11590,9.0421,11.5992,4.4,낮음,10.601211514670258,0.1474,0.5743,2.8,7.846174362929293,0.08928571428571427,40182.49084142104,36.333333333333336,95384.33333333331,3.333333333333333,-0.09644836887515716,0.0007422633490807399,0.0002964770550134548,0.04521158546129485,0.007108265046577733,-0.004810181441657436
1130554500,서울특별시 강북구 송중동,11305,12.3722,11.5955,4.39,낮음,10.456118539557686,0.1954,0.7607,2.91,7.557836788244346,0.08333333333333333,34755.38376391921,43.0,84246.66666666667,3.6666666666666665,-0.07605008482999477,-0.0029799097344833554,-0.0050982245317210345,0.03904509519379026,0.0010269552869087422,-0.004165665174911043
1123056000,서울특별시 동대문구 전농1동,11230,11.094,11.5838,4.38,낮음,10.349749230875123,0.1661,0.6955,3.25,7.559389026656459,0.09345794392523364,31248.205501055312,34.666666666666664,68397.0,3.333333333333333,-0.06109587101977375,-0.0007078332480577719,-0.0032112366376486692,0.01998503436695798,0.0010596934502064917,-0.0052619451800310765
1141061500,서울특별시 서대문구 연희동,11410,20.3874,11.57,4.36,낮음,10.534918242835115,0.1329,0.6647,2.75,7.050490962970153,0.055793991416309,37604.97562077875,76.66666666666667,89505.0,4.333333333333333,-0.08712835191274232,0.0018666698014073947,-0.0023198374484242994,0.04801453558288782,-0.009673443792671713,-0.0011837401296208626
1147055000,서울특별시 양천구 목5동,11470,4.9925,11.5538,4.34,낮음,10.546875305271632,0.1232,0.6145,3.1,7.774148233509794,0.03333333333333333,38057.33165444869,19.0,47546.333333333336,0.6666666666666666,-0.08880936752177909,0.002618858945377638,-0.0008669725361170523,0.02839388473173693,0.005589166454350969,0.0012482714657586595
1141055500,서울특별시 서대문구 북아현동,11410,4.934,11.5487,4.33,낮음,10.593134979406342,0.1063,0.6647,2.75,7.380828788095322,0.08064516129032258,39859.254532405386,19.666666666666668,33147.666666666664,1.6666666666666667,-0.09531290755949867,0.003929374051882497,-0.0023198374484242994,0.04801453558288782,-0.002706309376990612,-0.0038745933125094462
1132071000,서울특별시 도봉구 방학3동,11320,10.0814,11.5467,4.33,낮음,9.9442182575905,0.2209,0.65,4.79,8.845611436523864,0.07575757575757576,20830.431556268195,21.0,152742.66666666666,1.6666666666666667,-0.004083214302569625,-0.004957314185126783,-0.001894396926294489,-0.06634582937810593,0.02818732987698252,-0.0033453717445065434
1132066000,서울특별시 도봉구 쌍문1동,11320,19.8562,11.5434,4.32,낮음,9.728440062211146,0.2054,0.65,4.79,7.09726774756458,0.029126213592233007,16787.34311258188,33.333333333333336,41463.0,1.0,0.026252540524193357,-0.0037553624602258756,-0.001894396926294489,-0.06634582937810593,-0.008686877553461165,0.0017038130601192173
1132067000,서울특별시 도봉구 쌍문2동,11320,14.5572,11.5342,4.31,낮음,9.751188531460024,0.1999,0.65,4.79,7.370440527420192,0.06410256410256411,17173.629270796944,25.0,41270.66666666666,1.6666666666666667,0.023054386120293157,-0.0033288634610674894,-0.001894396926294489,-0.06634582937810593,-0.0029254075333744168,-0.0020833818515765433
1153053000,서울특별시 구로구 구로2동,11530,20.3463,11.5328,4.31,낮음,10.42186710502088,0.1678,0.5993,3.43,8.024656040142624,0.0625,33585.084387145194,68.33333333333333,211769.66666666663,4.333333333333333,-0.07123475527944982,-0.0008396602114340009,-0.00042706124792840324,0.009894413929223226,0.010872610941300214,-0.0019098582412986672
1135062500,서울특별시 노원구 중계2·3동,11350,7.5883,11.5275,4.3,낮음,10.375615249805941,0.1899,0.646,3.44,7.815812205929189,0.052631578947368425,32067.042414546944,24.33333333333333,62788.66666666666,1.3333333333333333,-0.0647323144854827,-0.0025534107353249705,-0.0017786307978237919,0.009333823904904642,0.006467898691651262,-0.0008413181148506998
1135064000,서울특별시 노원구 상계2동,11350,12.4193,11.5174,4.29,낮음,10.265340672820363,0.1727,0.646,3.44,6.985658636941039,0.05454545454545455,28718.76017918486,35.666666666666664,39600.66666666666,2.0,-0.04922906808387906,-0.0012196320470478346,-0.0017786307978237919,0.009333823904904642,-0.011040818327377041,-0.0010485501393739422
1132052100,서울특별시 도봉구 도봉1동,11320,25.262,11.5212,4.29,낮음,9.809736053002165,0.2753,0.65,4.79,7.837473191936278,0.03546099290780142,18209.179920796945,46.0,119041.33333333331,1.6666666666666667,0.01482332618351616,-0.00917577701316609,-0.001894396926294489,-0.06634582937810593,0.006924749193195837,0.0010178911831769698
1156056000,서울특별시 영등포구 당산2동,11560,9.1208,11.495,4.26,낮음,10.516312784100053,0.1158,0.554,3.37,8.209206365624093,0.08653846153846155,36911.76791366448,33.666666666666664,127352.33333333331,3.0,-0.08451265372491568,0.0031926939624271028,0.0008839901570022426,0.01325795407513481,0.014764950317209995,-0.004512712395466795
1138051000,서울특별시 은평구 녹번동,11380,10.0888,11.4924,4.25,낮음,10.415455795944544,0.1844,0.5835,3.41,7.727564761001641,0.04807692307692308,33370.442422698325,33.666666666666664,78661.0,1.6666666666666667,-0.07033340424202733,-0.0021269117361665843,3.021495953085168e-05,0.011015593977860422,0.004606677348265378,-0.0003481457487977916
1150059000,서울특별시 강서구 화곡본동,11500,17.459,11.4637,4.22,낮음,10.242339563285304,0.1632,0.4572,3.62,6.686526559872699,0.03333333333333333,28065.713025063684,49.0,40026.66666666666,1.6666666666666667,-0.045995395569506756,-0.0004829519575924423,0.0036855304659931154,-0.0007567965328301106,-0.017349794261898987,0.0012482714657586595
1174064000,서울특별시 강동구 성내1동,11740,11.7884,11.4585,4.21,낮음,10.08730811999961,0.1657,0.5642,4.1,7.242082359256962,0.06818181818181819,24035.003233942865,28.33333333333333,40949.333333333336,2.0,-0.024199885389778897,-0.0006768151390280703,0.0005887865294019652,-0.027665117700122734,-0.00563260163264225,-0.0025250783141020435
1144073000,서울특별시 마포구 성산2동,11440,11.2377,11.4433,4.19,낮음,10.471602492731307,0.1433,0.6235,3.22,7.345587063815791,0.05737704918032788,35297.73804084789,39.66666666666666,62966.0,2.333333333333333,-0.07822693780811085,0.0010601989666351726,-0.001127446325176121,0.02166680443991376,-0.0034495903803175155,-0.0013551516182792312
1144074000,서울특별시 마포구 상암동,11440,9.0281,11.4473,4.19,낮음,10.786603521606178,0.0994,0.6235,3.22,9.27383217011719,0.05223880597014926,48367.47423058588,43.66666666666666,475901.3333333333,2.333333333333333,-0.12251220011335161,0.004464436432644835,-0.001127446325176121,0.02166680443991376,0.03721890659513704,-0.0007987891545940645
1150061100,서울특별시 강서구 발산1동,11500,10.0508,11.4382,4.18,낮음,10.458060078254531,0.1244,0.4572,3.62,7.800015123721774,0.018518518518518517,34822.930178729985,35.0,87827.0,0.6666666666666666,-0.07632304124151096,0.0025258046182885362,0.0036855304659931154,-0.0007567965328301106,0.006134723418511055,0.0028524008407719054
1138057000,서울특별시 은평구 대조동,11380,8.3197,11.4266,4.17,낮음,10.720512362402783,0.1689,0.5835,3.41,9.538907678327877,0.06896551724137932,45274.094156304585,37.66666666666666,537032.3333333334,2.6666666666666665,-0.1132205976959435,-0.0009249600112656774,3.021495953085168e-05,0.011015593977860422,0.042809597565234274,-0.0026099362551783717
1162059500,서울특별시 관악구 청룡동,11620,10.527,11.416,4.15,낮음,10.561834939259153,0.127,0.5979,3.15,7.422139363908604,0.03200000000000001,38630.95023064956,40.66666666666666,69650.33333333333,1.3333333333333333,-0.09091250768450834,0.0023241869095954808,-0.0003865431029636573,0.025590934610143952,-0.0018350306054140664,0.001392643109509851
1174065000,서울특별시 강동구 성내2동,11740,15.5798,11.402,4.13,낮음,10.101989500186535,0.1758,0.5642,4.1,7.012030590634425,0.042735042735042736,24390.48805433042,38.0,43247.333333333336,1.6666666666666667,-0.026263906497593147,-0.0014600223920280173,0.0005887865294019652,-0.027665117700122734,-0.01048460910090921,0.00023026628546179227
1132068000,서울특별시 도봉구 쌍문3동,11320,15.9476,11.404,4.13,낮음,9.699188796722012,0.1976,0.65,4.79,6.274808519893487,0.024691358024691357,16303.375669022926,26.0,14310.666666666666,0.6666666666666666,0.030364907933193408,-0.00315050933414671,-0.001894396926294489,-0.06634582937810593,-0.026033313700852243,0.002184013601183053
1123053600,서울특별시 동대문구 용신동,11230,11.8697,11.3556,4.07,낮음,10.6281948678298,0.1775,0.6955,3.25,8.308033081146919,0.05333333333333333,41281.53746358261,49.0,202766.3333333333,2.6666666666666665,-0.10024189576239774,-0.0015918493554042442,-0.0032112366376486692,0.01998503436695798,0.016849298395262852,-0.0009173031905092212
1150062000,서울특별시 강서구 공항동,11500,10.7169,11.3592,4.07,낮음,10.431280995655733,0.1229,0.4572,3.62,7.696740097618429,0.0982142857142857,33902.75301526565,36.333333333333336,82139.33333333333,3.6666666666666665,-0.07255823227749776,0.0026421225271499142,0.0036855304659931154,-0.0007567965328301106,0.00395655630013052,-0.005776955841777025
1121571000,서울특별시 광진구 화양동,11215,16.553,11.3406,4.05,낮음,10.59849230237617,0.0779,0.6359,3.27,7.454966297822275,0.014851485148514853,40073.37182522744,66.33333333333333,116313.33333333331,1.0,-0.0960660811406142,0.0061316597929912545,-0.0014863213234352815,0.018863854318320786,-0.00114267979471122,0.003249462567260332
1132052200,서울특별시 도봉구 도봉2동,11320,15.105,11.3252,4.03,낮음,9.851098965234799,0.23,0.65,4.79,7.124206825777228,0.033707865168539325,18978.20082731077,28.666666666666668,36806.333333333336,1.0,0.009008210517152802,-0.0056629761655524755,-0.001894396926294489,-0.06634582937810593,-0.008118707139216443,0.00120771763324428
1174053000,서울특별시 강동구 명일1동,11740,9.411,11.3261,4.03,낮음,10.187372260780565,0.1842,0.5642,4.1,7.273510665502994,0.038461538461538464,26564.59564433224,25.0,37455.66666666666,1.0,-0.03826767030356533,-0.0021114026816517334,0.0005887865294019652,-0.027665117700122734,-0.004969749190629811,0.0006929959128694591
1150059300,서울특별시 강서구 화곡8동,11500,10.0448,11.3214,4.02,낮음,10.326497471040849,0.1565,0.4572,3.62,6.567220062784432,0.021052631578947368,30529.98873958333,30.666666666666668,22495.666666666668,0.6666666666666666,-0.05782696016257044,3.660136865504696e-05,0.0036855304659931154,-0.0007567965328301106,-0.01986608013247123,0.002578010289782797
1168067500,서울특별시 강남구 개포3동,11680,12.368500000000001,11.3169,4.02,낮음,9.968018402250731,0.16005,0.5206,4.83,7.698248688358318,0.06451612903225806,21332.169676937774,9.333333333333334,22769.33333333333,0.6666666666666666,-0.007429221307517296,-0.0002386843489835474,0.0018506373297325668,-0.06858818947538033,0.0039883738931024365,-0.0021281621380998647
1171072000,서울특별시 송파구 잠실7동,11710,4.3421,11.3194,4.02,낮음,9.208426579189615,0.2087,0.4684,6.28,6.596292677864953,0.0625,9979.880373471617,4.333333333333333,3900.6666666666665,0.3333333333333333,0.09936002712550927,-0.004011261859720908,0.0033613853062751634,-0.14987374300157685,-0.019252911425543407,-0.0019098582412986672
1144056500,서울특별시 마포구 공덕동,11440,10.6089,11.3223,4.02,낮음,10.56224307643771,0.1366,0.6235,3.22,7.778390927182333,0.12698412698412698,38646.720583833696,41.0,100272.0,5.333333333333333,-0.09096988674156557,0.0015797522928826617,-0.001127446325176121,0.02166680443991376,0.0056786488413284085,-0.008892117797717928
1153056000,서울특별시 구로구 구로5동,11530,11.1217,11.314,4.01,낮음,10.403337949659909,0.1389,0.5993,3.43,6.611041391765199,0.008849557522123895,32968.492714101165,36.66666666666666,27958.33333333333,0.3333333333333333,-0.0686297844055892,0.0014013981659618826,-0.00042706124792840324,0.009894413929223226,-0.018941847222821526,0.0038993436850836474
1150063000,서울특별시 강서구 방화1동,11500,11.5313,11.3123,4.01,낮음,10.41162546758427,0.1523,0.4572,3.62,7.103886410388382,0.02542372881355932,33242.86333125,38.333333333333336,47817.0,1.0,-0.06979490728296733,0.00036229151346690603,0.0036855304659931154,-0.0007567965328301106,-0.008547283749669454,0.002104713420214884
1174070000,서울특별시 강동구 둔촌2동,11740,11.7868,11.302,4.0,낮음,10.20913395076152,0.1963,0.5642,4.1,7.83888486344159,0.1313131313131313,27149.04412963064,32.0,83700.33333333333,4.333333333333333,-0.041327095704346395,-0.003049700479800183,0.0005887865294019652,-0.027665117700122734,0.006954522668651075,-0.009360856900806212
1135063000,서울특별시 노원구 상계1동,11350,10.9223,11.2953,3.99,낮음,10.508438937737989,0.214,0.646,3.44,7.679882689289732,0.024390243902439025,36622.26370186499,40.0,88698.0,1.0,-0.08340568797073802,-0.0044222518043644425,-0.0017786307978237919,0.009333823904904642,0.0036010177550621445,0.0022166178567727527
1174066000,서울특별시 강동구 성내3동,11740,11.7679,11.2968,3.99,낮음,10.200268372597995,0.1648,0.5642,4.1,7.125291300714049,0.03061224489795918,26909.40712116085,31.666666666666668,40572.333333333336,1.0,-0.0400807046818735,-0.0006070243937112448,0.0005887865294019652,-0.027665117700122734,-0.008095834546129634,0.0015429074734141543
1147064000,서울특별시 양천구 신정3동,11470,8.686,11.2806,3.97,낮음,10.622868545791015,0.163,0.6145,3.1,7.354722877293567,0.04545454545454546,41062.23792291667,35.666666666666664,57294.0,1.6666666666666667,-0.09949308053010375,-0.0004674429030775915,-0.0008669725361170523,0.02839388473173693,-0.003256907509465105,-6.4198022888542e-05
1174062000,서울특별시 강동구 천호3동,11740,14.1436,11.2678,3.95,낮음,10.216096121879145,0.171,0.5642,4.1,7.449053051325571,0.09243697478991598,27338.72691854076,38.66666666666666,68117.0,3.6666666666666665,-0.0423058911554573,-0.001087805083671608,0.0005887865294019652,-0.027665117700122734,-0.0012673957068535385,-0.005151395935817294
1159053000,서울특별시 동작구 상도1동,11590,9.2794,11.2682,3.95,낮음,10.69613361952984,0.1528,0.5743,2.8,6.7895435800342,0.023809523809523808,44183.68962699236,41.0,37275.333333333336,1.0,-0.10979324691345088,0.00032351887717978,0.0002964770550134548,0.04521158546129485,-0.015177068730706329,0.002279497492552889
1132051500,서울특별시 도봉구 창5동,11320,13.8049,11.2629,3.94,낮음,9.893473375351377,0.1888,0.65,4.79,7.122591478425501,0.05882352941176472,19799.71595458515,27.33333333333333,35095.333333333336,1.6666666666666667,0.003050890714912012,-0.002468110935493292,-0.001894396926294489,-0.06634582937810593,-0.008152776329213782,-0.0015117746647788375
1153054000,서울특별시 구로구 구로3동,11530,13.5692,11.2533,3.93,낮음,10.609893449900822,0.0895,0.5993,3.43,7.719854124254766,0.041666666666666664,40532.88013390648,55.0,126091.33333333331,2.333333333333333,-0.09766894196463548,0.005232134631129931,-0.00042706124792840324,0.009894413929223226,0.004444052790736692,0.00034594869231370935
1147051000,서울특별시 양천구 목1동,11470,6.2204,11.2527,3.93,낮음,10.665951042836888,0.1089,0.6145,3.1,7.463418342638364,0.07228915662650602,42870.00673852803,26.666666666666668,48198.0,2.0,-0.10554994862750648,0.0037277563431894417,-0.0008669725361170523,0.02839388473173693,-0.0009644182459505287,-0.002969815716128579
1126068000,서울특별시 중랑구 신내1동,11260,8.7931,11.2516,3.93,낮음,10.437594598861052,0.1671,0.5997,3.26,6.404926270725741,0.04301075268817204,34117.48501199054,30.0,18718.33333333333,1.3333333333333333,-0.07344584707366984,-0.0007853785206320239,-0.00043863786077547165,0.019424444342639395,-0.023289008353528127,0.00020041276111291105
1174057000,서울특별시 강동구 암사1동,11740,15.9809,11.2425,3.92,낮음,10.192400905035493,0.1758,0.5642,4.1,6.766842292730684,0.007633587786259543,26698.52102357525,42.66666666666666,37883.66666666666,0.3333333333333333,-0.038974635708296394,-0.0014600223920280173,0.0005887865294019652,-0.027665117700122734,-0.015655860161850083,0.004031007347222477
1171054000,서울특별시 송파구 마천1동,11710,19.9055,11.2297,3.9,낮음,9.411272020773662,0.1974,0.4684,6.28,7.276574601577642,0.013157894736842106,12224.412068058587,24.33333333333333,36607.333333333336,0.3333333333333333,0.07084245808753539,-0.0031350002796318595,0.0033613853062751634,-0.14987374300157685,-0.00490512790644887,0.0034328423909411715
1126065500,서울특별시 중랑구 망우본동,11260,12.8199,11.213,3.88,낮음,10.571393579700432,0.1763,0.5997,3.26,7.215686822363885,0.0522875816993464,39001.98964354076,50.0,69340.0,2.6666666666666665,-0.09225633472131356,-0.0014987950283151434,-0.00043863786077547165,0.019424444342639395,-0.006189308250900248,-0.0008040705287435802
1141058500,서울특별시 서대문구 신촌동,11410,20.2777,11.2006,3.86,매우낮음,10.931170235117346,0.0812,0.6647,2.75,7.826512936337394,0.02915451895043732,55890.64782097889,113.33333333333331,286425.0,3.333333333333333,-0.1428364982634755,0.005875760393496223,-0.0023198374484242994,0.04801453558288782,0.006693587127638533,0.0017007481918010253
1138062500,서울특별시 은평구 역촌동,11380,10.3979,11.1981,3.86,매우낮음,10.62996472369469,0.1731,0.5835,3.41,7.989324160505632,0.06818181818181818,41354.6662992904,43.0,129725.33333333331,3.0,-0.10049071568371373,-0.0012506501560775364,3.021495953085168e-05,0.011015593977860422,0.010127428476965964,-0.002525078314102042
1117062500,서울특별시 용산구 한강로동,11170,10.4873,11.1935,3.85,매우낮음,10.811435074027397,0.0974,0.7379,2.75,7.040718113781872,0.006289308176100628,49583.57488022198,52.0,60484.0,0.3333333333333333,-0.12600321033750184,0.00461952697779334,-0.004438357599438059,0.04801453558288782,-0.00987956234386438,0.004176564239957367
1111061500,서울특별시 종로구 종로1·2·3·4가동,11110,22.8016,11.189,3.84,매우낮음,11.015596981891544,0.129,0.3906,2.58,7.844492354363227,0.05966587112171839,60814.318296752186,138.66666666666666,356239.6666666667,8.333333333333334,-0.15470585830914926,0.0021690963644469766,0.005613036505030223,0.05754456599630396,0.007072789909076682,-0.0016029823577284883
1129066000,서울특별시 성북구 길음1동,11290,4.6027,11.1865,3.84,매우낮음,10.476935262415994,0.1346,0.6333,2.79,8.304437803500763,0.6730769230769231,35486.48089476892,16.333333333333332,70040.0,11.666666666666666,-0.07897665949995206,0.0017348428380311658,-0.001411073339929327,0.04577217548561343,0.01677347061921883,-0.06802235375716909
1132051100,서울특별시 도봉구 창1동,11320,11.8354,11.1793,3.83,매우낮음,9.944748184115753,0.1963,0.65,4.79,7.236731961526564,0.07792207792207792,20841.47360988901,24.666666666666668,35639.333333333336,2.0,-0.004157715440731508,-0.003049700479800183,-0.001894396926294489,-0.06634582937810593,-0.00574544653664594,-0.003579741296050686
1150061500,서울특별시 강서구 우장산동,11500,7.9011,11.1784,3.83,매우낮음,10.414205277045069,0.1434,0.4572,3.62,6.580994271943905,0.03658536585365854,33328.73688546215,26.33333333333333,19687.0,1.0,-0.07015759669727512,0.0010524444393777482,0.0036855304659931154,-0.0007567965328301106,-0.01957556914830708,0.0008961455053898979
1156053500,서울특별시 영등포구 영등포동,11560,15.2551,11.1718,3.82,매우낮음,10.846416058935649,0.1132,0.554,3.37,9.595803690099453,0.19327731092436976,51348.78656822234,78.33333333333333,1166355.0,15.333333333333334,-0.13092110567864046,0.0033943116711201583,0.0008839901570022426,0.01325795407513481,0.04400958779214378,-0.016070259748932662
1171053100,서울특별시 송파구 거여1동,11710,12.3818,11.1597,3.8,매우낮음,9.402248543238034,0.1776,0.4684,6.28,6.99339766377386,0.041666666666666664,12114.592558988355,15.0,17414.666666666668,0.6666666666666666,0.07211104781563266,-0.0015996038826616708,0.0033613853062751634,-0.14987374300157685,-0.010877594996320746,0.00034594869231370935
1153078000,서울특별시 구로구 오류2동,11530,6.3019,11.1303,3.76,매우낮음,10.835250355467927,0.1547,0.5993,3.43,8.88242395497523,0.030303030303030304,50778.61916205422,32.0,237706.66666666663,1.0,-0.12935134538720025,0.00017618285928870024,-0.00042706124792840324,0.009894413929223226,0.028963740401975312,0.0015763888379204598
1135059500,서울특별시 노원구 공릉1동,11350,10.1865,11.1154,3.74,매우낮음,10.658225455625423,0.1728,0.646,3.44,7.833549580719155,0.03759398496240601,42540.07912038756,43.333333333333336,111847.33333333331,1.6666666666666667,-0.10446382628262485,-0.0012273865743052611,-0.0017786307978237919,0.009333823904904642,0.0068419965543352725,0.0007869335064033469
1168065600,서울특별시 강남구 도곡2동,11680,6.7259,11.11,3.74,매우낮음,10.300138495100784,0.1348,0.5206,4.83,8.613319776687648,0.0,29735.736960098253,20.0,115573.33333333331,0.0,-0.05412121301700477,0.001719333783516315,0.0018506373297325668,-0.06858818947538033,0.023288081003174747,0.004857562559538462
1168075000,서울특별시 강남구 수서동,11680,6.4806,11.1026,3.73,매우낮음,10.04962305756752,0.2133,0.5206,4.83,7.52122773970827,0.0625,23146.060091621177,15.0,29533.33333333333,1.0,-0.01890183007625967,-0.0043679701135624655,0.0018506373297325668,-0.06858818947538033,0.0002548361331775893,-0.0019098582412986672
1168072000,서울특별시 강남구 일원본동,11680,4.9895,11.1004,3.72,매우낮음,10.115346689002614,0.1774,0.5206,4.83,7.625558486097339,0.024999999999999998,24718.475383660847,12.333333333333334,27319.0,0.3333333333333333,-0.028141762619185794,-0.0015840948281468199,0.0018506373297325668,-0.06858818947538033,0.002455269382096491,0.0021505942392036105
1165057000,서울특별시 서초구 반포2동,11650,4.9169,11.0952,3.72,매우낮음,9.777197074582768,0.1216,0.4541,5.94,8.22870159598683,0.06896551724137931,17626.17588595342,8.666666666666666,36211.0,0.6666666666666666,0.019397905509795144,0.0027429313814964413,0.0037752492155579053,-0.1308136821747446,0.01517612300187121,-0.00260993625517837
1150053500,서울특별시 강서구 등촌3동,11500,8.3356,11.0947,3.72,매우낮음,10.57618902871351,0.1814,0.4572,3.62,7.408770562095874,0.029702970297029705,39189.47567228894,32.666666666666664,55529.66666666666,1.0,-0.09293051574914724,-0.001894275918443828,0.0036855304659931154,-0.0007567965328301106,-0.002116991168575724,0.0016413625749822022
1171055000,서울특별시 송파구 마천2동,11710,20.176,11.0627,3.67,매우낮음,9.595939759329877,0.2112,0.4684,6.28,7.8362452101611115,0.010869565217391304,14703.954537236172,29.666666666666668,77577.0,0.3333333333333333,0.04488045005699596,-0.004205125041156538,0.0033613853062751634,-0.14987374300157685,0.006898849906354109,0.0036806198115667873
1174060000,서울특별시 강동구 천호1동,11740,10.5909,11.052,3.66,매우낮음,10.356935583538078,0.1826,0.5642,4.1,7.437846549802559,0.07766990291262135,31473.582160362083,33.333333333333336,58301.0,2.6666666666666665,-0.06210618363314422,-0.001987330245532931,0.0005887865294019652,-0.027665117700122734,-0.0015037513298003498,-0.003552436105579523
1135060000,서울특별시 노원구 공릉2동,11350,8.5574,11.0279,3.63,매우낮음,10.701148694552957,0.1311,0.646,3.44,7.574282028364539,0.034188034188034185,44405.83573444324,38.0,75912.0,1.3333333333333333,-0.11049830465142867,0.002006251292041048,-0.0017786307978237919,0.009333823904904642,0.001373800818061958,0.0011557255402771267
1154551000,서울특별시 금천구 가산동,11545,14.3659,11.027,3.62,매우낮음,10.99596170981613,0.0671,0.6476,3.1,8.44015097775494,0.0423076923076923,59631.84010732351,85.66666666666667,401115.3333333333,3.6666666666666665,-0.15194538105801023,0.006969148736793175,-0.0018249372492120687,0.02839388473173693,0.01963578869208659,0.00027653924820255965
1132051400,서울특별시 도봉구 창4동,11320,6.8948,10.9264,3.49,매우낮음,10.241444040614175,0.1875,0.65,4.79,7.78104952268991,0.016393442622950824,28040.58989808952,19.33333333333333,48673.66666666666,0.3333333333333333,-0.045869496119168754,-0.002367302081146765,-0.001894396926294489,-0.06634582937810593,0.005734721112952771,0.003082501365876264
1168067000,서울특별시 강남구 개포2동,11680,5.5197,10.9287,3.49,매우낮음,10.27464626282227,0.1607,0.5206,4.83,7.758484221260041,0.0,28987.261837991267,16.0,39786.0,0.0,-0.050537319347728565,-0.00028908877615681217,0.0018506373297325668,-0.06858818947538033,0.005258797751367726,0.004857562559538462
1168060000,서울특별시 강남구 대치1동,11680,5.9778,10.9274,3.49,매우낮음,10.274958042713108,0.097,0.5206,4.83,7.707389613032369,0.03636363636363636,28996.301204175765,17.333333333333332,40768.333333333336,0.6666666666666666,-0.05058115175772603,0.00465054508682304,0.0018506373297325668,-0.06858818947538033,0.004181164563875894,0.0009201540935968597
1165059000,서울특별시 서초구 방배본동,11650,12.5624,10.8992,3.45,매우낮음,9.800585380361902,0.1552,0.4541,5.94,8.104384282080641,0.15492957746478872,18043.304618377,22.666666666666668,78288.0,3.6666666666666665,0.016109797975658886,0.0001374102230015742,0.0037752492155579053,-0.1308136821747446,0.012554154307088356,-0.011918015763663435
1171051000,서울특별시 송파구 풍납1동,11710,8.6676,10.898,3.45,매우낮음,9.615768054828596,0.1895,0.4684,6.28,7.365752596245598,0.047619047619047616,14998.438631668483,13.0,22118.666666666668,0.6666666666666666,0.042092836091533595,-0.002522392626295269,0.0033613853062751634,-0.14987374300157685,-0.003024280396669688,-0.00029856757443268384
1165062000,서울특별시 서초구 방배3동,11650,11.1077,10.8856,3.43,매우낮음,9.831281869331065,0.1677,0.4541,5.94,8.132548292239914,0.12307692307692307,18605.790418322416,20.666666666666668,73720.0,2.6666666666666665,0.011794249957594146,-0.0008319056841765743,0.0037752492155579053,-0.1308136821747446,0.013148159684431721,-0.008469050709802346
1132069000,서울특별시 도봉구 방학1동,11320,21.4719,10.8668,3.41,매우낮음,10.055660146845831,0.201,0.65,4.79,7.456628227901722,0.23529411764705882,23286.223624099348,50.0,88245.33333333333,12.0,-0.019750570422299624,-0.0034141632608991677,-0.001894396926294489,-0.06634582937810593,-0.0011076281313160833,-0.02061978633773073
1132051200,서울특별시 도봉구 창2동,11320,12.2756,10.8721,3.41,매우낮음,10.267592342976428,0.187,0.65,4.79,7.8685386182251955,0.04587155963302752,28783.500465602257,35.333333333333336,94929.66666666669,1.6666666666666667,-0.04954562515622384,-0.002328529444859639,-0.001894396926294489,-0.06634582937810593,0.007579948156721476,-0.00010935178969979756
1150060300,서울특별시 강서구 가양1동,11500,11.694,10.8453,3.38,매우낮음,10.794335489735364,0.0927,0.4572,3.62,7.778249980480923,0.09195402298850575,48742.907279594256,57.0,138451.33333333334,5.333333333333333,-0.12359921953662073,0.004983989758892324,0.0036855304659931154,-0.0007567965328301106,0.0056756761432615235,-0.005099102526750648
1150054000,서울특별시 강서구 화곡1동,11500,14.1581,10.8213,3.35,매우낮음,10.754769144347152,0.1678,0.4572,3.62,7.467854684043638,0.04950495049504951,46851.944928038574,66.33333333333333,117823.0,3.333333333333333,-0.1180366790260857,-0.0008396602114340009,0.0036855304659931154,-0.0007567965328301106,-0.0008708516467495936,-0.000502770748055304
1135069500,서울특별시 노원구 상계6·7동,11350,7.3003,10.7959,3.31,매우낮음,10.74881291047335,0.1669,0.646,3.44,6.986592865184012,0.02857142857142857,46573.7072772107,34.0,37836.0,1.0,-0.1171993059533853,-0.0007698694661171731,-0.0017786307978237919,0.009333823904904642,-0.011021114577916163,0.0017638844791557742
1171056600,서울특별시 송파구 오륜동,11710,11.0398,10.7281,3.22,매우낮음,9.85340883427205,0.1801,0.4684,6.28,8.314847019052166,0.07575757575757576,19022.090966375545,21.0,89827.33333333333,1.6666666666666667,0.008683471399408314,-0.0017934670640973008,0.0033613853062751634,-0.14987374300157685,0.016993010733587954,-0.0033453717445065434
1171053200,서울특별시 송파구 거여2동,11710,10.4594,10.6786,3.15,매우낮음,9.75327212967021,0.1862,0.4684,6.28,7.061680369456256,0.0,17209.451604321326,18.0,22142.666666666668,0.0,0.02276145789206989,-0.0022664932268002375,0.0033613853062751634,-0.14987374300157685,-0.009437448720079494,0.004857562559538462
1174051500,서울특별시 강동구 강일동,11740,4.784,10.6775,3.15,매우낮음,10.82313065296184,0.1546,0.5642,4.1,8.820016061309241,0.08,50166.89970117359,24.0,169184.33333333334,2.0,-0.12764746458890366,0.00018393738654612674,0.0005887865294019652,-0.027665117700122734,0.02764749941865549,-0.0038047360655330633
1168051000,서울특별시 강남구 신사동,11680,17.9809,10.661,3.13,매우낮음,10.490301447933957,0.1108,0.5206,4.83,7.967021499770677,0.025380710659898477,35963.997325373,64.66666666666667,189333.66666666663,1.6666666666666667,-0.08085578044694632,0.0035804203252983633,0.0018506373297325668,-0.06858818947538033,0.009657044453856034,0.0021093713713812518
1168065500,서울특별시 강남구 도곡1동,11680,5.3845,10.6551,3.12,매우낮음,10.471290047673586,0.1395,0.5206,4.83,7.960114183132784,0.03333333333333333,35286.71084738901,19.0,57268.0,0.6666666666666666,-0.07818301188384771,0.0013548710024173297,0.0018506373297325668,-0.06858818947538033,0.009511362670519129,0.0012482714657586595
1138069000,서울특별시 은평구 진관동,11380,5.7291,10.6489,3.11,매우낮음,10.99116467019545,0.1536,0.5835,3.41,7.639825509350406,0.009523809523809523,59346.46403803676,34.0,72743.33333333333,0.3333333333333333,-0.15127097641035167,0.00026148265912037883,3.021495953085168e-05,0.011015593977860422,0.002756174277495932,0.0038263365327442325
1165061000,서울특별시 서초구 방배2동,11650,12.6256,10.6323,3.09,매우낮음,9.945500096421847,0.1635,0.4541,5.94,7.505619718385705,0.07317073170731708,20857.15121563944,26.33333333333333,49671.0,2.0,-0.004263425043728315,-0.0005062155393647176,0.0037752492155579053,-0.1308136821747446,-7.43516686611057e-05,-0.003065271548758666
1165066000,서울특별시 서초구 내곡동,11650,9.2224,10.6321,3.09,매우낮음,10.124241091234504,0.1435,0.4541,5.94,8.603809119856024,0.06944444444444445,24939.321029758008,23.0,130833.33333333331,1.6666666666666667,-0.029392205950417083,0.0010446899121203238,0.0037752492155579053,-0.1308136821747446,0.02308749233458303,-0.002661793885836126
1171069000,서울특별시 송파구 잠실4동,11710,2.973,10.6169,3.07,매우낮음,9.912581857561939,0.1391,0.4684,6.28,7.675457610607974,0.0,20181.715677256187,6.0,15076.666666666666,0.0,0.0003644736261414046,0.0013858891114470317,0.0033613853062751634,-0.14987374300157685,0.003507688697258687,0.004857562559538462
1165060000,서울특별시 서초구 방배1동,11650,12.2788,10.6151,3.07,매우낮음,9.907971797764999,0.1464,0.4541,5.94,6.940411033329453,0.03896103896103896,20088.88629003821,24.666666666666668,26493.0,1.0,0.0010125912150888488,0.0008198086216549919,0.0037752492155579053,-0.1308136821747446,-0.011995132706088986,0.0006389106317438879
1171056100,서울특별시 송파구 방이1동,11710,9.8726,10.5943,3.04,매우낮음,9.77326717998814,0.1456,0.4684,6.28,6.8566150829222865,0.03636363636363636,17557.038882268924,17.333333333333332,17401.0,0.6666666666666666,0.019950400254261973,0.0008818448397143933,0.0033613853062751634,-0.14987374300157685,-0.013762467856870653,0.0009201540935968597
1168059000,서울특별시 강남구 삼성2동,11680,14.1137,10.5746,3.01,매우낮음,10.606270695507556,0.0986,0.5206,4.83,8.533252060515322,0.06896551724137931,40386.30151106259,57.0,294636.6666666667,4.0,-0.09715962734700932,0.004526472650704238,0.0018506373297325668,-0.06858818947538033,0.021599377807536076,-0.00260993625517837
1168063000,서울특별시 강남구 대치4동,11680,13.4649,10.5339,2.96,매우낮음,10.586838472314716,0.0744,0.5206,4.83,7.872324212268598,0.01840490797546012,39609.06265113719,53.333333333333336,142497.66666666666,1.0,-0.094427696266204,0.006403068247001136,0.0018506373297325668,-0.06858818947538033,0.007659789884000493,0.00286470244640851
1168056500,서울특별시 강남구 청담동,11680,16.661,10.5335,2.96,매우낮음,10.645789115894887,0.1112,0.5206,4.83,8.424746326251608,0.02347417840375587,42014.29996853165,70.0,323581.6666666667,1.6666666666666667,-0.10271543019309125,0.0035494022162686624,0.0018506373297325668,-0.06858818947538033,0.01931089015038987,0.0023158082681442346
1174061000,서울특별시 강동구 천호2동,11740,14.0844,10.5389,2.96,매우낮음,10.697788165819347,0.1714,0.5642,4.1,7.421316106035208,0.07894736842105263,44256.8557529476,62.333333333333336,105781.33333333331,5.0,-0.11002585572964639,-0.0011188231927013075,0.0005887865294019652,-0.027665117700122734,-0.0018523938857485068,-0.0036907584520452794
1144066000,서울특별시 마포구 서교동,11440,19.1083,10.5194,2.94,매우낮음,11.187486075373062,0.0742,0.6235,3.22,7.663427939684481,0.016786570743405272,72219.99523757277,138.0,295798.0,2.333333333333333,-0.1788713463376435,0.006418577301515986,-0.001127446325176121,0.02166680443991376,0.0032539716599541404,0.003039933951160144
1165062100,서울특별시 서초구 방배4동,11650,9.0453,10.5054,2.92,매우낮음,10.186192052943898,0.1515,0.4541,5.94,8.32658459173844,0.04,26533.261214374088,24.0,103282.0,1.0,-0.038101747627667513,0.00042432773152630725,0.0037752492155579053,-0.1308136821747446,0.01724056714523445,0.0005264132470026992
1168058000,서울특별시 강남구 삼성1동,11680,11.4995,10.5095,2.92,매우낮음,10.582102943045724,0.0811,0.5206,4.83,8.177738093217261,0.10071942446043165,39421.93147239811,45.333333333333336,164937.0,4.666666666666667,-0.09376193921588422,0.005883514920753647,0.0018506373297325668,-0.06858818947538033,0.014101254951398978,-0.006048209090731443
1171059000,서울특별시 송파구 송파2동,11710,8.5387,10.4795,2.88,매우낮음,9.795815624095162,0.1526,0.4684,6.28,6.434153346867968,0.020408163265306117,17957.4426165393,15.333333333333334,10155.333333333334,0.3333333333333333,0.016780366920017897,0.0003390279316946287,0.0033613853062751634,-0.14987374300157685,-0.022672581918005374,0.002647792502122257
1168052100,서울특별시 강남구 논현1동,11680,23.4049,10.4481,2.84,매우낮음,10.665917491135245,0.092,0.5206,4.83,8.133842278357807,0.029605263157894742,42868.56836743086,100.33333333333331,345229.3333333333,3.0,-0.10554523167177671,0.0050382714496943004,0.0018506373297325668,-0.06858818947538033,0.013175451064739059,0.001651942180194558
1165058000,서울특별시 서초구 반포3동,11650,7.4447,10.438,2.83,매우낮음,10.111605070033285,0.1393,0.4541,5.94,7.273738490406284,0.0,24626.15734282205,18.33333333333333,27858.0,0.0,-0.02761573710715861,0.0013703800569321808,0.0037752492155579053,-0.1308136821747446,-0.004964944149839034,0.004857562559538462
1168054500,서울특별시 강남구 압구정동,11680,15.9274,10.4334,2.82,매우낮음,10.651975448674495,0.1236,0.5206,4.83,8.088588763733252,0.02926829268292683,42275.0262341794,67.33333333333333,222499.3333333333,2.0,-0.10358515233600296,0.002587840836347937,0.0018506373297325668,-0.06858818947538033,0.01222101201722217,0.001688428916219611
1168070000,서울특별시 강남구 세곡동,11680,7.8576,10.4253,2.81,매우낮음,10.732403823839313,0.1443,0.5206,4.83,8.837284892368764,0.06306306306306306,45815.69502325328,36.0,254755.0,2.333333333333333,-0.11489239061290754,0.0009826536940609205,0.0018506373297325668,-0.06858818947538033,0.028011715254815935,-0.0019708259962611632
1168053100,서울특별시 강남구 논현2동,11680,15.9754,10.353,2.71,매우낮음,10.706676019625686,0.095,0.5206,4.83,7.878095962998558,0.009216589861751152,44651.9663463155,71.33333333333333,190804.0,0.6666666666666666,-0.11127537843295385,0.0048056356319715445,0.0018506373297325668,-0.06858818947538033,0.007781521517773287,0.003859601888447272
1168061000,서울특별시 강남구 대치2동,11680,8.4784,10.3142,2.66,매우낮음,10.810507706708504,0.1053,0.5206,4.83,8.462420984406467,0.015503875968992248,49537.61308098617,42.0,203497.66666666663,0.6666666666666666,-0.12587283392217025,0.004006919324456748,0.0018506373297325668,-0.06858818947538033,0.020105484009964637,0.003178822515919949
1171064100,서울특별시 송파구 문정1동,11710,10.1751,10.2992,2.64,매우낮음,9.934971566410198,0.1416,0.4684,6.28,6.704878448088079,0.0606060606060606,20638.69756047125,21.0,17938.333333333332,1.3333333333333333,-0.0027832434871159603,0.0011920259300114014,0.0033613853062751634,-0.14987374300157685,-0.01696273573498139,-0.0017047848836975416
1171063200,서울특별시 송파구 가락2동,11710,11.648,10.2827,2.62,매우낮음,10.189230624404297,0.163,0.4684,6.28,8.197871375287582,0.020833333333333332,26614.01008169578,31.0,116230.66666666669,0.6666666666666666,-0.0385289333249258,-0.0004674429030775915,0.0033613853062751634,-0.14987374300157685,0.014525884744731286,0.0026017556259260856
1165051000,서울특별시 서초구 서초1동,11650,10.1011,10.1699,2.46,매우낮음,10.363462282974366,0.1327,0.4541,5.94,7.902304376956083,0.0404040404040404,31679.67913289665,32.0,89182.66666666667,1.3333333333333333,-0.06302375713300183,0.0018821788559222434,0.0037752492155579053,-0.1308136821747446,0.008292099662945184,0.00048266426404779296
1171060000,서울특별시 송파구 석촌동,11710,16.4568,10.1708,2.46,매우낮음,10.266853822975133,0.1324,0.4684,6.28,8.15433761027432,0.034482758620689655,28762.25038405204,47.333333333333336,168076.0,1.6666666666666667,-0.04944179834622307,0.0019054424376945208,0.0033613853062751634,-0.14987374300157685,0.013607716828740608,0.0011238131521800457
1174068500,서울특별시 강동구 길동,11740,10.7037,10.1482,2.43,매우낮음,10.922938336881773,0.1892,0.5642,4.1,7.046050857316134,0.049723756906077346,55432.44200322052,59.333333333333336,69221.33333333333,3.0,-0.14167919482883423,-0.002499129044522994,0.0005887865294019652,-0.027665117700122734,-0.009767089783407585,-0.000526462828972845
1156054000,서울특별시 영등포구 여의동,11560,6.8618,10.1355,2.42,매우낮음,11.443265206829345,0.0969,0.554,3.37,8.274989660052027,0.0717948717948718,93270.06469324054,64.0,255026.3333333333,4.666666666666667,-0.2148307397694907,0.004658299614080466,0.0008839901570022426,0.01325795407513481,0.016152381666956518,-0.0029162951809103433
1165054000,서울특별시 서초구 잠원동,11650,10.098,10.1198,2.4,매우낮음,10.384392566073023,0.1132,0.4541,5.94,7.935183471156877,0.07920792079207921,32349.752668513465,32.666666666666664,94026.66666666669,2.6666666666666665,-0.06596629697313416,0.0033943116711201583,0.0037752492155579053,-0.1308136821747446,0.008985550583002476,-0.0037189707326115633
1168065000,서울특별시 강남구 역삼2동,11680,8.975,10.0688,2.33,매우낮음,10.894040722805398,0.0856,0.5206,4.83,7.968485597620006,0.047297297297297286,53853.47190156477,48.333333333333336,142449.0,2.333333333333333,-0.1376165464497516,0.005534561194169514,0.0018506373297325668,-0.06858818947538033,0.009687923650055014,-0.00026372885731125624
1165056000,서울특별시 서초구 반포1동,11650,10.6037,10.0111,2.25,매우낮음,10.385289547318646,0.1003,0.4541,5.94,7.217318837492771,0.04716981132075471,32378.783705140104,34.333333333333336,48118.0,1.6666666666666667,-0.06609240148106914,0.004394645687328009,0.0037752492155579053,-0.1308136821747446,-0.0061548875218569955,-0.00024992483731974837
1165065200,서울특별시 서초구 양재2동,11650,13.8781,9.9809,2.21,매우낮음,10.544039978772098,0.1106,0.4541,5.94,8.182712014797131,0.04968944099378882,37949.57669062045,52.66666666666666,191995.0,2.6666666666666665,-0.08841075556104562,0.003595929379813213,0.0037752492155579053,-0.1308136821747446,0.014206159620450666,-0.0005227471454749082
1171067000,서울특별시 송파구 잠실2동,11710,5.3088,9.9478,2.16,매우낮음,10.354408622391835,0.1132,0.4684,6.28,7.923307208718231,0.09433962264150943,31394.14752054221,16.666666666666668,48758.0,1.6666666666666667,-0.061750924040512925,0.0033943116711201583,0.0033613853062751634,-0.14987374300157685,0.00873506907446011,-0.005357412234177959
1171061000,서울특별시 송파구 삼전동,11710,14.8941,9.9422,2.15,매우낮음,10.293599755433595,0.1294,0.4684,6.28,7.408947988179746,0.06666666666666667,29541.930494095708,44.0,74236.0,3.0,-0.053201946809077034,0.002138078255417277,0.0033613853062751634,-0.14987374300157685,-0.0021132490861341634,-0.0023610196280211423
1171064600,서울특별시 송파구 장지동,11710,8.8963,9.9311,2.14,매우낮음,10.403456157817958,0.1435,0.4684,6.28,8.079713344645118,0.05494505494505496,32972.39020745997,29.33333333333333,97895.0,1.6666666666666667,-0.06864640301570783,0.0010446899121203238,0.0033613853062751634,-0.14987374300157685,0.0120338211081608,-0.0010918183642744004
1171058000,서울특별시 송파구 송파1동,11710,12.6422,9.9204,2.13,매우낮음,10.284252083337561,0.1301,0.4684,6.28,7.082997744463825,0.03508771929824561,29267.059570205605,37.0,45240.333333333336,1.3333333333333333,-0.05188777932145057,0.0020837965646153,0.0033613853062751634,-0.14987374300157685,-0.008987845296641877,0.0010583087766123543
1171056200,서울특별시 송파구 방이2동,11710,15.0054,9.91,2.11,매우낮음,10.497098737348974,0.1158,0.4684,6.28,8.590310397536081,0.07228915662650602,36209.294554676126,54.333333333333336,297598.3333333333,4.0,-0.08181139556282023,0.0031926939624271028,0.0033613853062751634,-0.14987374300157685,0.02280279162612689,-0.002969815716128579
1171063100,서울특별시 송파구 가락1동,11710,7.7509,9.886,2.08,매우낮음,10.29806377680266,0.1527,0.4684,6.28,6.984394766367786,0.013888888888888888,29674.105563800946,23.0,25887.666666666668,0.3333333333333333,-0.053829533194973515,0.00033127340443720436,0.0033613853062751634,-0.14987374300157685,-0.011067474542615316,0.0033536912704635446
1171062000,서울특별시 송파구 가락본동,11710,12.2125,9.8119,1.98,매우낮음,10.521950463469857,0.1336,0.4684,6.28,8.089729608052512,0.021582733812949638,37120.45797489992,45.333333333333336,151037.66666666666,1.0,-0.08530524196050443,0.001812388110605418,0.0033613853062751634,-0.14987374300157685,0.012245073493429546,0.0025206114916234822
1171065000,서울특별시 송파구 잠실본동,11710,16.6422,9.7948,1.96,매우낮음,10.47596219703291,0.1292,0.4684,6.28,7.744285855853582,0.03333333333333333,35451.96605090065,59.0,138440.66666666666,2.0,-0.07883985850001901,0.0021535873099321257,0.0033613853062751634,-0.14987374300157685,0.004959340914318352,0.0012482714657586595
1165053100,서울특별시 서초구 서초4동,11650,8.8849,9.7777,1.93,매우낮음,10.627876719652637,0.1033,0.4541,5.94,8.438412371593007,0.1858407079646018,41268.4055885917,36.66666666666666,174028.0,7.0,-0.10019716804983146,0.004162009869605253,0.0037752492155579053,-0.1308136821747446,0.019599119858229836,-0.015265033804012652
1165052000,서울특별시 서초구 서초2동,11650,7.4943,9.7343,1.87,매우낮음,10.72258072590333,0.0968,0.4541,5.94,8.125619717633047,0.04761904761904762,45367.83642166121,34.0,118263.66666666669,1.6666666666666667,-0.11351138411175764,0.00466605414133789,0.0037752492155579053,-0.1308136821747446,0.013002029550600307,-0.0002985675744326846
1171057000,서울특별시 송파구 오금동,11710,12.4513,9.6976,1.82,매우낮음,10.517181188244367,0.1648,0.4684,6.28,7.870095509625928,0.07092198581560283,36943.8370367631,46.0,122990.33333333331,3.333333333333333,-0.08463474064461632,-0.0006070243937112448,0.0033613853062751634,-0.14987374300157685,0.00761278445591129,-0.0028217801931845203
1171052000,서울특별시 송파구 풍납2동,11710,6.8646,9.6383,1.74,매우낮음,10.48944827338964,0.1624,0.4684,6.28,7.288049088519504,0.051948051948051945,35933.32599102984,24.666666666666668,37517.333333333336,1.3333333333333333,-0.0807358346213018,-0.0004209157395330389,0.0033613853062751634,-0.14987374300157685,-0.004663120219788598,-0.0007673066775209697
1171064700,서울특별시 송파구 위례동,11710,3.8008,9.6256,1.73,매우낮음,10.668349585574859,0.0902,0.4684,6.28,7.886204297636116,0.0,42972.95809767104,16.333333333333332,46095.0,0.0,-0.10588715417467814,0.005177852940327954,0.0033613853062751634,-0.14987374300157685,0.007952533896648706,0.004857562559538462
1171071000,서울특별시 송파구 잠실6동,11710,4.584,9.631,1.73,매우낮음,10.614533809874997,0.1191,0.4684,6.28,7.65997852503763,0.0,40721.40901150837,18.666666666666668,41707.333333333336,0.0,-0.09832131938505566,0.0029367945629320716,0.0033613853062751634,-0.14987374300157685,0.0031812202713085223,0.004857562559538462
1165058100,서울특별시 서초구 반포4동,11650,6.865,9.5618,1.64,매우낮음,10.673957843432017,0.1356,0.4541,5.94,7.019316098186495,0.03260869565217391,43214.64422140648,29.666666666666668,34255.333333333336,1.0,-0.1066756061082061,0.0016572975654569138,0.0037752492155579053,-0.1308136821747446,-0.010330950916647388,0.0013267343156234382
1171064200,서울특별시 송파구 문정2동,11710,10.6735,9.5622,1.64,매우낮음,10.649265099989089,0.102,0.4684,6.28,7.674937188847981,0.036231884057971016,42160.59860149199,45.0,99023.66666666669,1.6666666666666667,-0.10320411071559744,0.00426281872395178,0.0033613853062751634,-0.14987374300157685,0.0034967125144575112,0.0009344200662995462
1171068000,서울특별시 송파구 잠실3동,11710,3.9627,9.3822,1.4,매우낮음,10.72380056578859,0.1325,0.4684,6.28,7.1970281906411095,0.0,45423.212906231805,18.0,25354.666666666668,0.0,-0.11368287856522694,0.0018976879104370943,0.0033613853062751634,-0.14987374300157685,-0.006582836285953492,0.004857562559538462
1165065100,서울특별시 서초구 양재1동,11650,8.4145,9.3198,1.31,매우낮음,10.887069991857581,0.1297,0.4541,5.94,7.332819337303949,0.05797101449275362,53479.37225641375,45.0,70319.66666666667,2.6666666666666665,-0.13663654759201468,0.0021148146736449996,0.0037752492155579053,-0.1308136821747446,-0.003718873701889765,-0.001419465429643802
1168064000,서울특별시 강남구 역삼1동,11680,14.895,9.2264,1.19,매우낮음,11.55917921783388,0.0702,0.5206,4.83,8.189027590394751,0.044585987261146494,104733.01428008552,156.0,565234.3333333334,7.0,-0.23112682108872815,0.006728758391812994,0.0018506373297325668,-0.06858818947538033,0.014339361030505182,2.9848357667389188e-05
1165053000,서울특별시 서초구 서초3동,11650,9.8023,9.0894,1.0,매우낮음,11.065571470520442,0.1124,0.4541,5.94,7.10889944634639,0.026178010471204192,63930.75533474345,62.66666666666666,77788.0,1.6666666666666667,-0.16173165548005358,0.0034563478891795596,0.0037752492155579053,-0.1308136821747446,-0.00844155412171404,0.002023040758140711
